id,sqm,houses,pop,geometry
0,19904.224156870274,39,195,"MultiPolygon (((883957.6478657714324072 1433148.31675472692586482, 883947.32527002063579857 1433142.65614870400168002, 883941.32053646037820727 1433145.51685688504949212, 883936.74114940653089434 1433146.09819885599426925, 883932.72198564233258367 1433142.12704459321685135, 883931.84524389717262238 1433135.58741054381243885, 883927.82607874926179647 1433131.61625559534877539, 883921.52573977108113468 1433131.06454301252961159, 883914.37344712961930782 1433133.07507392298430204, 883905.22086869110353291 1433136.51323354709893465, 883898.08562393567990512 1433144.78130694245919585, 883898.68071150686591864 1433153.02832082565873861, 883905.28905105777084827 1433161.54338792664930224, 883906.16812134103383869 1433168.93631827365607023, 883911.05860725394450128 1433177.45606221817433834, 883915.07931989291682839 1433181.99607772473245859, 883923.11299551068805158 1433188.23177521908655763, 883922.55897228606045246 1433195.0597335253842175, 883924.00290868035517633 1433199.60676623089239001, 883931.4693862582789734 1433207.83505403017625213, 883930.62905430037062615 1433214.66378878266550601, 883921.76202662393916398 1433217.81672749063000083, 883917.48057715385220945 1433222.66378808463923633, 883921.79224187682848424 1433228.90961719653569162, 883928.97783059708308429 1433239.1297090204898268, 883934.15306378388777375 1433247.07979456195607781, 883940.19264106114860624 1433257.01856961403973401, 883943.07043680548667908 1433262.41499553876928985, 883943.3768851961940527 1433269.80946781719103456, 883948.56760482781101018 1433283.44820206728763878, 883957.76662635896354914 1433297.07601657649502158, 883963.53615006059408188 1433312.98864329606294632, 883969.28553268103860319 1433321.50602304330095649, 883971.62091238237917423 1433337.99686117423698306, 883968.21930574858561158 1433350.52123505086638033, 883975.11855846410617232 1433360.74208158068358898, 883991.20441191946156323 1433380.03980536200106144, 884015.30374304961878806 1433398.17797421710565686, 884029.1145953934174031 1433423.17056038416922092, 884063.45590337971225381 1433417.38842510688118637, 884076.00696060247719288 1433400.28824482928030193, 884077.08718414860777557 1433376.39285309286788106, 884065.60085795749910176 1433363.90900486428290606, 884055.26904083241242915 1433354.83522427291609347, 884046.92782358266413212 1433340.77842676267027855, 884044.89542205911129713 1433330.40210421942174435, 884048.02119435265194625 1433321.71834919950924814, 884046.14316933508962393 1433315.46590183069929481, 884041.55489952419884503 1433312.77626008074730635, 884037.10629953036550432 1433308.80628317035734653, 884034.51211703661829233 1433302.41356582008302212, 884030.3447911887196824 1433296.59399808570742607, 884031.60221171530429274 1433285.21319036721251905, 884026.97639438789337873 1433268.72856477391906083, 884019.48749691969715059 1433252.25172509113326669, 884009.1324190953746438 1433234.64494074275717139, 883997.0672278378624469 1433219.88715710677206516, 883990.19119082670658827 1433218.19926377013325691, 883989.00724433269351721 1433203.98072659224271774, 883975.25361495336983353 1433200.0360751748085022, 883968.9548362964997068 1433200.05322417011484504, 883962.64676404651254416 1433196.65717568877153099, 883966.06232667597942054 1433189.25255702855065465, 883971.19264254346489906 1433180.70552731584757566, 883970.59679446532391012 1433172.17408614209853113, 883957.96979907597415149 1433161.39991576294414699, 883960.24322852189652622 1433155.13614305201917887, 883960.24322852189652622 1433155.13614305201917887, 883957.6478657714324072 1433148.31675472692586482)))"
1,1074.6017152122222,2,10,"MultiPolygon (((884554.95045502309221774 1433698.49527758965268731, 884555.51535456150304526 1433695.64943128917366266, 884548.64867671835236251 1433697.37463213363662362, 884536.64856878772843629 1433706.50896849273703992, 884522.35957448510453105 1433716.21837534196674824, 884507.49180809501558542 1433723.65390396304428577, 884513.25182470865547657 1433736.15326473978348076, 884520.12158006988465786 1433735.56577562773600221, 884529.8451229139463976 1433731.55737507133744657, 884541.85755819198675454 1433726.97390921623446047, 884560.16868657048325986 1433722.37337465258315206, 884560.70583410956896842 1433709.28807470691390336, 884554.95045502309221774 1433698.49527758965268731)))"
2,2893.014147770591,5,25,"MultiPolygon (((884576.81440665479749441 1433737.11868968745693564, 884568.23145291313994676 1433739.41740003018639982, 884558.50328390300273895 1433741.71921608969569206, 884549.32459424750413746 1433735.48660756624303758, 884527.02218070556409657 1433746.3554543589707464, 884513.88150337536353618 1433757.19946843083016574, 884511.05085677304305136 1433769.15325104910880327, 884505.35100392973981798 1433778.83936315611936152, 884490.49560560064855963 1433790.82575212861411273, 884492.81226311740465462 1433800.49012052454054356, 884500.82722274586558342 1433799.89952189917676151, 884513.40607296989765018 1433793.03906901809386909, 884529.42211392940953374 1433786.73816204164177179, 884546.58645812491886318 1433781.57187182689085603, 884554.03189728921279311 1433782.12055122759193182, 884568.34554180328268558 1433781.5128926201723516, 884564.88676988508086652 1433772.98933750437572598, 884569.44450430746655911 1433764.44405352510511875, 884580.85657686716876924 1433749.62270830105990171, 884576.81440665479749441 1433737.11868968745693564)))"
3,1393.0006145085208,2,10,"MultiPolygon (((884524.92300097784027457 1433816.90003131027333438, 884512.32564580941107124 1433816.93418992985971272, 884504.32148837123531848 1433821.50678787240758538, 884510.06915522913914174 1433829.45526105212047696, 884502.06345775350928307 1433833.45900126546621323, 884498.0320678458083421 1433824.93701361492276192, 884488.30854949948843569 1433828.94541578460484743, 884479.17307020479347557 1433838.64083840139210224, 884484.92999825067818165 1433850.00244724354706705, 884495.27394701645243913 1433863.62705595977604389, 884507.29405437258537859 1433861.88787322817370296, 884519.28331131825689226 1433848.77155697112902999, 884527.25970101344864815 1433833.95953760202974081, 884527.24581936653703451 1433828.83982334635220468, 884528.94821626180782914 1433823.14659359585493803, 884524.92300097784027457 1433816.90003131027333438)))"
4,571.9894315339625,1,5,"MultiPolygon (((884552.35879299440421164 1433798.62207920616492629, 884550.09612100722733885 1433808.86772239743731916, 884564.99932424398139119 1433814.51594045152887702, 884569.55396961257793009 1433804.83294932777062058, 884582.13745167967863381 1433799.6790911597199738, 884593.57572194945532829 1433794.52833969658240676, 884588.97174135956447572 1433786.00788918300531805, 884572.36921117512974888 1433787.19060610793530941, 884563.80477024300489575 1433796.3156070162076503, 884552.35879299440421164 1433798.62207920616492629)))"
5,2261.1638955892995,4,20,"MultiPolygon (((884570.79543538275174797 1433417.71753234788775444, 884561.91686155134811997 1433416.60385349695570767, 884547.89787783846259117 1433420.33947235136292875, 884549.34790604701265693 1433427.16194303776137531, 884555.93525882589165121 1433427.99739360855892301, 884567.6815152169438079 1433430.80990078835748136, 884577.71532715647481382 1433435.618082529399544, 884584.60208209103439003 1433441.28809038153849542, 884581.75597363861743361 1433447.55332995997741818, 884576.30151974048931152 1433442.16387635166756809, 884563.98727903154212981 1433441.05950613669119775, 884558.27965500962454826 1433447.90136718493886292, 884566.59100510901771486 1433451.00761244469322264, 884577.1974245406454429 1433455.81423981464467943, 884588.07242586091160774 1433454.07818075176328421, 884596.65235784731339663 1433450.64174241828732193, 884614.95513835351448506 1433442.9124759288970381, 884628.39611412258818746 1433437.18741390807554126, 884629.51130048139020801 1433426.09149906225502491, 884622.61607768072281033 1433417.29273907514289021, 884616.58131122984923422 1433409.06051459233276546, 884603.40660423703957349 1433407.38959450670517981, 884590.53438111103605479 1433411.69096016883850098, 884581.10862131789326668 1433419.96505996934138238, 884570.79543538275174797 1433417.71753234788775444)))"
6,2944.1892670113593,5,25,"MultiPolygon (((884703.46331003762315959 1433457.32116914330981672, 884695.46522243146318942 1433464.16920520248822868, 884692.63064764882437885 1433474.70089422538876534, 884686.91454193403478712 1433478.41399238933809102, 884693.22558344784192741 1433482.94783646310679615, 884698.39678965718485415 1433489.47579506598412991, 884698.41911342972889543 1433497.72428411990404129, 884703.86661590030416846 1433500.55386823602020741, 884707.02675269660539925 1433504.527373515535146, 884706.48031305568292737 1433514.19956172513775527, 884710.5139896715991199 1433523.57492026616819203, 884719.96822315186727792 1433525.82479630596935749, 884729.97582599718589336 1433520.96236415533348918, 884737.97236747457645833 1433513.54548196122050285, 884751.11471499165054411 1433503.2703533386811614, 884759.39141381590161473 1433493.5772536878939718, 884763.09261288621928543 1433485.88755899341776967, 884763.64137445611413568 1433477.068658955860883, 884756.76465405861381441 1433475.09623021655716002, 884749.90178258449304849 1433478.24355561705306172, 884739.58554637001361698 1433474.85827006539329886, 884729.84422826371155679 1433472.32472960138693452, 884724.66763848531991243 1433463.80574915045872331, 884715.48584420536644757 1433456.43533675791695714, 884703.46331003762315959 1433457.32116914330981672)))"
7,1824.4676802926697,3,15,"MultiPolygon (((884692.69140969135332853 1433391.36181857297196984, 884688.99560063984245062 1433401.04255573940463364, 884686.739022072753869 1433413.56372892134822905, 884684.1869013694813475 1433422.6725001607555896, 884679.91232693428173661 1433430.07933282223530114, 884683.37802256701979786 1433441.1628447778057307, 884688.27447609754744917 1433451.95804851432330906, 884694.58860013575758785 1433457.62961963866837323, 884704.03053360129706562 1433455.32860326860100031, 884717.7616676592733711 1433451.02495192782953382, 884729.19927909621037543 1433445.58977800002321601, 884733.75477896630764008 1433436.19116223510354757, 884737.45290207117795944 1433427.36373090744018555, 884719.98438976693432778 1433425.98882621014490724, 884711.13199344382155687 1433434.54577349009923637, 884705.67986556165851653 1433430.00959674431942403, 884707.94953234691638499 1433422.32375920959748328, 884714.81164146668743342 1433418.89199257572181523, 884715.07562882010824978 1433410.64271416375413537, 884701.62001170695293695 1433410.9635574365966022, 884698.17279265122488141 1433406.70638658478856087, 884698.4375468761427328 1433398.74153663497418165, 884698.70538018038496375 1433391.91441055154427886, 884692.69140969135332853 1433391.36181857297196984)))"
8,404.28354731574655,0,0,"MultiPolygon (((884752.88111068145371974 1433415.3758026584982872, 884747.46130032069049776 1433422.78572598053142428, 884748.91668148210737854 1433431.59921630751341581, 884756.94094084296375513 1433434.42184200673364103, 884765.543195775244385 1433439.23393694381229579, 884770.69054722343571484 1433436.9445509915240109, 884770.6643926267279312 1433427.27389686927199364, 884768.06148423906415701 1433417.61020946642383933, 884752.88111068145371974 1433415.3758026584982872)))"
9,1166.3043501740322,2,10,"MultiPolygon (((884727.45756920601706952 1433542.58604528708383441, 884717.13672729511745274 1433537.49418984400108457, 884701.95562094589695334 1433534.97538197133690119, 884691.65940912044607103 1433538.98530378984287381, 884690.25482867460232228 1433548.94424013583920896, 884696.57817782554775476 1433558.02895993972197175, 884706.59115911973640323 1433555.15753641142509878, 884720.90795483277179301 1433555.68765654251910746, 884734.94152286415919662 1433557.35627694195136428, 884747.25110270152799785 1433556.75410768482834101, 884754.39795739389955997 1433552.75272079487331212, 884751.21859160647727549 1433541.66846058215014637, 884745.75647737842518836 1433533.43469772161915898, 884738.88130366441328079 1433532.03113621426746249, 884734.8861127495765686 1433536.87729715695604682, 884727.45756920601706952 1433542.58604528708383441)))"
10,919.3931226781569,1,5,"MultiPolygon (((884742.70715947798453271 1433570.41914893197827041, 884736.11444845912046731 1433567.59266450838185847, 884731.26496446249075234 1433574.14772690366953611, 884733.86864594405051321 1433584.09580690925940871, 884731.31729990697931498 1433593.48896934418007731, 884735.92357500223442912 1433602.86276201205328107, 884744.23257030826061964 1433605.11573576228693128, 884755.96029267052654177 1433601.10195859242230654, 884767.40248149214312434 1433597.37338894978165627, 884772.2581224258756265 1433593.09377414686605334, 884772.81457537447568029 1433587.11919608572497964, 884764.7880366884637624 1433583.4432910536415875, 884756.77226900996174663 1433583.74940745183266699, 884749.31295122241135687 1433578.08094535651616752, 884745.2808263375191018 1433569.27445692289620638, 884742.70715947798453271 1433570.41914893197827041)))"
11,439.37929336261004,0,0,"MultiPolygon (((884771.87641686550341547 1433557.82522139744833112, 884779.31188613025005907 1433554.67635521176271141, 884774.4223894061287865 1433546.44104332383722067, 884767.54029497154988348 1433542.47760555800050497, 884760.11020999657921493 1433547.61748633533716202, 884757.26870289538055658 1433555.58927767863497138, 884752.13675670779775828 1433563.56726425443775952, 884755.59550106863025576 1433572.09087337460368872, 884760.18561395397409797 1433575.4916419368237257, 884766.46277981693856418 1433567.51056067738682032, 884771.87641686550341547 1433557.82522139744833112)))"
12,2595.129788145423,5,25,"MultiPolygon (((884716.02237319224514067 1433707.58746747183613479, 884711.48000143608078361 1433721.82132583972997963, 884711.53081421600654721 1433740.59364515962079167, 884716.71815827034879476 1433753.09457078715786338, 884715.60527830536011606 1433765.04368412937037647, 884723.07534952380228788 1433774.69411543640308082, 884733.36534543591551483 1433768.40878591360524297, 884745.37624521285761148 1433763.2565251081250608, 884759.10650909866672009 1433758.66847712057642639, 884771.67617039033211768 1433748.39495374565012753, 884773.93582131154835224 1433737.01159903779625893, 884761.31998202414251864 1433730.21938454266637564, 884748.72722756746225059 1433731.96004442311823368, 884742.97498030890710652 1433722.30495034111663699, 884742.37774280062876642 1433713.20476722344756126, 884729.75573276169598103 1433704.13712293445132673, 884716.02237319224514067 1433707.58746747183613479)))"
13,245.2772631412372,0,0,"MultiPolygon (((884720.93581802945118397 1433830.44832100253552198, 884712.34363995923195034 1433829.33385764458216727, 884707.7889673433965072 1433839.01682429737411439, 884718.12206112407147884 1433848.65948604117147624, 884723.83888525597285479 1433845.23084639478474855, 884728.97694496903568506 1433839.52833046996966004, 884720.93581802945118397 1433830.44832100253552198)))"
14,420.19551573786885,0,0,"MultiPolygon (((884722.73216828028671443 1433859.45535996742546558, 884710.15177295287139714 1433865.74688234063796699, 884710.75517941685393453 1433877.12245845491997898, 884725.07340704533271492 1433878.22141879610717297, 884736.50396917923353612 1433870.22643326735123992, 884737.63224495970644057 1433863.96591403638012707, 884730.73787615238688886 1433855.45166560867801309, 884722.73216828028671443 1433859.45535996742546558)))"
15,3304.0599731300026,6,30,"MultiPolygon (((884719.37506670132279396 1433888.47632963699288666, 884707.93989224766846746 1433894.76474939007312059, 884706.25749808817636222 1433907.85308649227954447, 884710.86452368192840368 1433917.51123250951059163, 884708.0230586543912068 1433925.48296304093673825, 884715.47924764174968004 1433930.01365436799824238, 884706.33604629954788834 1433936.86472462979145348, 884704.65365589479915798 1433949.95304929721169174, 884712.14064424345269799 1433965.86083981418050826, 884721.3161801821552217 1433970.95573107618838549, 884719.04270239651668817 1433977.21933631715364754, 884705.88511912513058633 1433981.80583284911699593, 884703.62396674114279449 1433992.62027575494721532, 884716.25360624107997864 1434004.53211462311446667, 884731.15209507232066244 1434008.47379058040678501, 884738.00024651328567415 1433999.92237190855666995, 884735.69135090778581798 1433993.10231653205119073, 884733.94581975706387311 1433982.86758135352283716, 884740.79243667214177549 1433973.74730372615158558, 884741.92070843721739948 1433967.48679936164990067, 884740.18595690396614373 1433961.23404366872273386, 884735.59587989177089185 1433957.83331261016428471, 884739.00995184923522174 1433949.86004034383222461, 884748.7349972891388461 1433946.4205614011734724, 884745.27781224506907165 1433938.46588572673499584, 884737.81238990765996277 1433930.52205783710815012, 884734.35212221648544073 1433921.42966848658397794, 884735.45575935987289995 1433906.06746430182829499, 884736.57941423216834664 1433898.10038237646222115, 884733.12684324639849365 1433891.85226607415825129, 884728.5398384080035612 1433889.58924141805619001, 884719.37506670132279396 1433888.47632963699288666)))"
16,11821.937439443544,23,115,"MultiPolygon (((884372.54809674574062228 1432897.88083608658052981, 884386.29868179792538285 1432900.68791159149259329, 884396.58577996981330216 1432893.26465422078035772, 884413.76745435444172472 1432894.3558132485486567, 884436.68303324095904827 1432898.27580410032533109, 884440.10641404741909355 1432893.71553381346166134, 884435.50849419727455825 1432887.47038519917987287, 884422.32590315479319543 1432882.95513101411052048, 884412.00486569141503423 1432877.86324729421176016, 884410.26078519772272557 1432868.19711573864333332, 884424.56240458867978305 1432863.03847364871762693, 884429.70673201291356236 1432859.61128217168152332, 884423.95122961152810603 1432848.81827201577834785, 884415.90370076219551265 1432837.46259887563064694, 884418.18030212540179491 1432832.33655514940619469, 884429.63116885721683502 1432831.73663815855979919, 884431.90006196312606335 1432823.76624196907505393, 884426.71409296034835279 1432811.83392831264063716, 884418.10010703338775784 1432802.75528004206717014, 884412.92955458164215088 1432796.51167144323699176, 884418.04613094555679709 1432782.84479500376619399, 884430.04341834969818592 1432772.57251664670184255, 884420.85834704572334886 1432764.06428218609653413, 884406.53664357669185847 1432761.82760532549582422, 884395.05336664686910808 1432750.48122533014975488, 884400.76261683541815728 1432744.20811200933530927, 884408.74384922080207616 1432731.10232778545469046, 884390.97560547140892595 1432724.89286389201879501, 884368.64643465424887836 1432726.09116479195654392, 884358.36701092845760286 1432736.35881250002421439, 884359.55854091525543481 1432753.42185823316685855, 884363.01278473564889282 1432760.23899877606891096, 884363.03129906894173473 1432767.06545646954327822, 884364.20894197735469788 1432779.00864873989485204, 884367.09827651374507695 1432788.67169406707398593, 884368.83311099698767066 1432794.92461708653718233, 884367.70792605006136 1432802.32304619438946247, 884360.85499025962781161 1432809.16813421528786421, 884347.09048549691215158 1432801.24121833662502468, 884335.65195525903254747 1432806.39212492806836963, 884328.80982852017041296 1432817.21931413654237986, 884328.84687049733474851 1432830.87221177201718092, 884334.59777032816782594 1432839.95860536233521998, 884327.17376906087156385 1432847.37411823915317655, 884328.92095601663459092 1432858.17799409432336688, 884340.96913078776560724 1432866.67842240282334387, 884341.57416072627529502 1432878.62314046523533762, 884351.90601101005449891 1432887.69709727028384805, 884372.54809674574062228 1432897.88083608658052981)))"
17,633.5861388072371,1,5,"MultiPolygon (((884392.0283063902752474 1432690.75742898229509592, 884386.90246858622413129 1432701.01110389945097268, 884376.04578427411615849 1432709.57368816854432225, 884386.36995027761440724 1432715.80333277396857738, 884408.13729909097310156 1432718.58869808819144964, 884414.42688837694004178 1432715.15839064167812467, 884412.69514324679039419 1432710.04319886909797788, 884405.22638060071039945 1432700.96142437378875911, 884404.63525198434945196 1432694.13650941313244402, 884402.33242490678094327 1432689.59174006385728717, 884392.0283063902752474 1432690.75742898229509592)))"
18,637.9858824787661,1,5,"MultiPolygon (((884356.37760873651131988 1432636.24191105924546719, 884355.20767835795413703 1432627.14304530434310436, 884346.62912864575628191 1432631.14845276856794953, 884342.63465203391388059 1432636.2791831661015749, 884334.0267874066485092 1432629.47600156324915588, 884325.45441225660033524 1432635.75690631591714919, 884323.76431986026000232 1432646.00128311850130558, 884327.2247489639557898 1432655.09393141325563192, 884336.95933948352467269 1432655.06752583757042885, 884347.2526666714111343 1432649.91971274022944272, 884356.4053782457485795 1432646.48162677744403481, 884356.37760873651131988 1432636.24191105924546719)))"
19,398.39449950354174,0,0,"MultiPolygon (((884398.81803635146934539 1432660.58855280256830156, 884380.48485190561041236 1432657.22499601682648063, 884370.19152358011342585 1432662.37279994389973581, 884377.08613498555496335 1432670.88725820323452353, 884390.26416825968772173 1432673.69591151713393629, 884399.43075685552321374 1432675.37768997391685843, 884404.56431207724381238 1432667.9683746681548655, 884398.81803635146934539 1432660.58855280256830156)))"
20,678.7059023343027,1,5,"MultiPolygon (((884273.57642722537275404 1432615.4180701500736177, 884268.40120053000282496 1432607.46782551682554185, 884259.23613298032432795 1432606.35494383214972913, 884246.0812282906845212 1432612.07942870468832552, 884244.39269713335670531 1432622.89269005134701729, 884247.85777777375187725 1432633.69195926538668573, 884255.88531381846405566 1432637.65231224265880883, 884270.18237013125326484 1432630.78697808459401131, 884273.57642722537275404 1432615.4180701500736177)))"
21,6615.713648629375,13,65,"MultiPolygon (((883622.71550069388467818 1432695.12568071717396379, 883615.25586659682448953 1432689.45726223289966583, 883622.66892228345386684 1432678.05946979578584433, 883632.94510198978241533 1432666.6538626526016742, 883626.59966287529096007 1432649.60483060753904283, 883605.39393333054613322 1432642.83616598835214972, 883584.80430571676697582 1432651.99442768539302051, 883567.66285731841344386 1432665.69430981832556427, 883551.08316867495886981 1432675.41051452932879329, 883550.55404468369670212 1432691.34054634673520923, 883559.75952216610312462 1432707.24398786341771483, 883572.38364639563951641 1432716.88043627236038446, 883580.9978487869957462 1432725.95895644254051149, 883587.90349713410250843 1432738.45540470047853887, 883595.38487081881612539 1432752.0880324044264853, 883599.99846753710880876 1432764.0218547317199409, 883610.32275822188239545 1432770.25131615088321269, 883619.48161429481115192 1432769.08856147644110024, 883628.63425996422301978 1432765.65031827404163778, 883638.33779426093678921 1432754.24629598227329552, 883634.28596319747157395 1432738.32879443606361747, 883625.0960472309961915 1432728.11408444307744503, 883626.77975911670364439 1432715.59418484289199114, 883630.76172905007842928 1432705.91239791782572865, 883622.71550069388467818 1432695.12568071717396379)))"
22,407.19098546821624,0,0,"MultiPolygon (((883669.67373677412979305 1432696.13529888074845076, 883675.95707617735024542 1432690.42937955842353404, 883675.36427775933407247 1432683.03558478108607233, 883666.20229883748106658 1432683.06057992950081825, 883655.91214613255579025 1432689.34631195291876793, 883647.92180425091646612 1432699.03903685370460153, 883647.93267035530880094 1432703.02115111518651247, 883650.24334378365892917 1432710.41025506658479571, 883656.53754396922886372 1432708.68644781736657023, 883663.38729484402574599 1432700.70347171160392463, 883669.67373677412979305 1432696.13529888074845076)))"
23,804.7701155599207,1,5,"MultiPolygon (((883578.19375752343330532 1432747.58395206765271723, 883574.74248620867729187 1432741.90460338513366878, 883566.73197722178883851 1432744.20198649354279041, 883565.6115867926273495 1432753.30708145652897656, 883567.92538034811150283 1432761.83391940547153354, 883567.95644988538697362 1432773.21137383370660245, 883576.56753668782766908 1432781.15213492442853749, 883592.59164789482019842 1432777.69512132275849581, 883596.0040864406619221 1432769.15265207644551992, 883594.2536030012415722 1432757.2110146963968873, 883585.08076528483070433 1432753.25391924730502069, 883578.19375752343330532 1432747.58395206765271723)))"
24,1347.6281511019915,2,10,"MultiPolygon (((883729.05885146895889193 1432844.45013195695355535, 883721.03439372684806585 1432841.62763884942978621, 883711.89572535525076091 1432850.18570016464218497, 883717.06483391975052655 1432855.86035671131685376, 883720.51607751601841301 1432861.53969840123318136, 883723.96732025418896228 1432867.21903950884006917, 883729.71835524309426546 1432876.30535937938839197, 883741.76511461508926004 1432884.23675821488723159, 883752.64180845022201538 1432883.06934790313243866, 883763.49368578428402543 1432872.80000512860715389, 883763.45956313144415617 1432860.28484098520129919, 883755.99687474966049194 1432853.47868296480737627, 883741.09010623698122799 1432846.69282401725649834, 883729.05885146895889193 1432844.45013195695355535)))"
25,3152.781756427139,6,30,"MultiPolygon (((883645.25894558744039387 1432772.4314683391712606, 883640.08981765760108829 1432766.75680707395076752, 883626.92570816783700138 1432769.06824276782572269, 883618.92607253068126738 1432775.34772284515202045, 883624.68801086826715618 1432788.41615888429805636, 883633.30374091304838657 1432798.06354359723627567, 883642.49364172271452844 1432808.27823668671771884, 883649.40081297606229782 1432821.34353904915042222, 883667.75110013911034912 1432830.96435657469555736, 883686.0967222471954301 1432838.87856408441439271, 883699.85515790886711329 1432844.52978764055296779, 883712.44041656679473817 1432839.94445190113037825, 883714.69987003784626722 1432828.56077233073301613, 883709.51834487321320921 1432818.33513770694844425, 883695.75369549368042499 1432810.40841897879727185, 883679.6907921745441854 1432799.6435911487787962, 883663.04904908733442426 1432786.60483894357457757, 883645.25894558744039387 1432772.4314683391712606)))"
26,4947.807917045429,9,45,"MultiPolygon (((883714.85658814397174865 1432886.01677352329716086, 883696.57151854736730456 1432900.28853091923519969, 883689.71248639957047999 1432904.85824392130598426, 883679.96706941572483629 1432900.90270898165181279, 883671.92554214422125369 1432891.82265012059360743, 883665.06030110327992588 1432894.11688462132588029, 883659.34340729424729943 1432897.54573651193641126, 883654.15566423418931663 1432885.04464025516062975, 883642.69392809690907598 1432881.66267041442915797, 883638.70266061939764768 1432887.93119258456863463, 883631.8545011761598289 1432896.48301334260031581, 883620.42071931448299438 1432903.34072701260447502, 883611.8422789282631129 1432907.34627226484008133, 883605.5574293106328696 1432912.48330673156306148, 883617.59799454791937023 1432918.13918289542198181, 883621.07564994576387107 1432933.48930808994919062, 883627.39466279884800315 1432940.8674275754019618, 883638.87191358499694616 1432949.93808923149481416, 883654.34197305992711335 1432953.30911020771600306, 883667.50291994772851467 1432949.859945586649701, 883685.22309871879406273 1432938.43410211428999901, 883700.66522079496644437 1432931.56547589506953955, 883706.37124910566490144 1432924.15453924750909209, 883719.51824217836838216 1432915.58555560698732734, 883726.93903446896001697 1432907.03219271264970303, 883728.0361774523044005 1432889.39407621836289763, 883721.1476596905849874 1432883.15523801185190678, 883714.85658814397174865 1432886.01677352329716086)))"
27,1542.939401820302,3,15,"MultiPolygon (((883587.4282719778129831 1432564.37989403679966927, 883594.29511850606650114 1432562.65451105032116175, 883597.71223818534053862 1432555.81862805411219597, 883595.38757556234486401 1432543.30961797456257045, 883591.92387138679623604 1432533.07923336047679186, 883580.46824881783686578 1432531.97274348186329007, 883563.28791943367104977 1432531.45076592825353146, 883551.84316786751151085 1432534.32641446101479232, 883547.29633519996423274 1432546.85418944526463747, 883545.04311470233369619 1432560.51345781562849879, 883555.94474597193766385 1432568.44800502387806773, 883565.66695241292472929 1432563.87042277073487639, 883575.40469113015569746 1432564.98159664543345571, 883587.4282719778129831 1432564.37989403679966927)))"
28,1882.5337364277802,3,15,"MultiPolygon (((883607.09472612757235765 1432636.57385925343260169, 883623.69772865087725222 1432635.39078747294843197, 883629.97641545371152461 1432627.9782303711399436, 883632.23741816042456776 1432617.16336384718306363, 883632.20326618384569883 1432604.64812092389911413, 883629.88792896666564047 1432595.55237413942813873, 883618.99718764645513147 1432591.59994046692736447, 883615.01986405160278082 1432602.98837755899876356, 883608.14991845679469407 1432603.5760066956281662, 883604.11204284732230008 1432592.77832428831607103, 883597.226567562087439 1432587.67720509320497513, 883593.20576921640895307 1432583.13714585127308965, 883584.59465058334171772 1432575.19634039024822414, 883574.86623308912385255 1432577.49841641029343009, 883570.30231552582699805 1432583.76855010422877967, 883568.03355932526756078 1432591.73905493086203933, 883580.07576912047807127 1432597.96384940552525222, 883593.8374025640077889 1432604.75283143226988614, 883594.99973368225619197 1432611.0073278162162751, 883598.47275010100565851 1432624.65094079985283315, 883598.48983134492300451 1432630.90856042504310608, 883607.09472612757235765 1432636.57385925343260169)))"
29,892.0780617371202,1,5,"MultiPolygon (((883548.53479078982491046 1432580.98358824290335178, 883549.7297510385978967 1432599.18446372053585947, 883547.47342765389475971 1432611.70596607658080757, 883562.96536405757069588 1432623.04124216642230749, 883573.29745872295461595 1432632.11509247473441064, 883582.4625571696087718 1432633.2278276530560106, 883584.15868818457238376 1432625.25889456691220403, 883586.41967980959452689 1432614.4440234936773777, 883580.68256096506956965 1432610.4775328510440886, 883569.80734907230362296 1432612.21386101981624961, 883562.91410544142127037 1432604.26837523328140378, 883562.31818136549554765 1432595.73681470821611583, 883559.43330995400901884 1432587.78038165881298482, 883558.84670511307194829 1432582.66206896840594709, 883548.53479078982491046 1432580.98358824290335178)))"
30,545.3119244463742,1,5,"MultiPolygon (((883544.08583876432385296 1432629.35046419966965914, 883528.07099470216780901 1432636.22074861754663289, 883521.21970065706409514 1432643.63488581869751215, 883522.97797506744973361 1432658.42092598741874099, 883534.42424505401868373 1432656.11414778721518815, 883540.12252187891863286 1432645.8587709073908627, 883549.8384943469427526 1432639.00569310458377004, 883555.56007874547503889 1432637.28343266830779612, 883556.69134703581221402 1432632.16043495014309883, 883549.804317397181876 1432626.49045353964902461, 883544.08583876432385296 1432629.35046419966965914)))"
35,4056.9254139391705,8,40,"MultiPolygon (((883835.94958799832966179 1433052.65879611601121724, 883837.02574620116502047 1433055.31069010077044368, 883833.81029495107941329 1433052.13366109551861882, 883832.71387727197725326 1433042.04830540250986814, 883822.53595099633093923 1433033.58059594035148621, 883822.50700726069044322 1433022.96136052766814828, 883813.41826056607533246 1433021.92420199979096651, 883801.09524029947351664 1433010.80750994570553303, 883794.11683574237395078 1432999.67624706588685513, 883788.73312959831673652 1432985.35483672469854355, 883781.24486530444119126 1432983.25138706550933421, 883769.49827361037023365 1432987.5311455640476197, 883778.08586424484383315 1433000.78188561089336872, 883787.206464285380207 1433013.50020350096747279, 883802.73770677915308625 1433025.13911111163906753, 883799.55988497985526919 1433035.76708862674422562, 883801.19221969088539481 1433046.38195049506612122, 883803.36770022998098284 1433060.18112126411870122, 883807.66076086997054517 1433066.54100169660523534, 883816.78133968589827418 1433079.25930368853732944, 883824.31155564228538424 1433096.76062217960134149, 883833.95356000808533281 1433104.69881363632157445, 883843.06399409135337919 1433113.70038335327990353, 883853.2173005526419729 1433113.14174848492257297, 883867.64629251637961715 1433112.57146552577614784, 883873.4805133503396064 1433096.09566324925981462, 883868.63275100511964411 1433082.30378451617434621, 883852.55840589059516788 1433067.4805622324347496, 883835.94958799832966179 1433052.65879611601121724)))"
36,2635.9116012696177,5,25,"MultiPolygon (((883801.84575259126722813 1432893.9927944028750062, 883783.18295304477214813 1432909.97268727468326688, 883773.60459364671260118 1432925.39684797846712172, 883777.92662221624050289 1432942.37600670848041773, 883786.51855993550270796 1432957.21965123852714896, 883802.03245306410826743 1432962.48702549422159791, 883811.64988658961374313 1432961.39887749217450619, 883820.72128084860742092 1432956.06448725610971451, 883814.29325635451823473 1432950.77234036382287741, 883811.60647034214343876 1432945.46999627561308444, 883818.02291896508540958 1432946.51444150228053331, 883824.96804185747168958 1432945.43357996642589569, 883822.81571992195677012 1432940.12977808387950063, 883821.72074709448497742 1432930.57535881805233657, 883823.84123505931347609 1432924.19797642016783357, 883822.75349756563082337 1432917.2983693378046155, 883819.52501258219126612 1432909.34266095352359116, 883823.76309759437572211 1432895.52596230967901647, 883815.731674685026519 1432890.23817621730268002, 883815.18563461420126259 1432885.99192478181794286, 883801.84575259126722813 1432893.9927944028750062)))"
37,786.7367130666971,1,5,"MultiPolygon (((884335.5939510315656662 1434204.00882134935818613, 884335.58241040434222668 1434199.7612489303573966, 884329.17049704934470356 1434200.30962100648321211, 884311.00509282550774515 1434202.48278489103540778, 884307.82583054911810905 1434212.57948336889967322, 884311.0671376510290429 1434225.31348189059644938, 884319.6269311795476824 1434228.47592146834358573, 884336.19331397523637861 1434227.89995628921315074, 884343.09783622960094362 1434211.9526897338218987, 884335.5939510315656662 1434204.00882134935818613)))"
38,764.7483127648011,1,5,"MultiPolygon (((884424.10013360669836402 1434125.7186761989723891, 884425.17046920047141612 1434126.24672184349037707, 884436.3650344837224111 1434115.59730761637911201, 884433.65676796820480376 1434102.33087247121147811, 884426.14567846129648387 1434091.73222887422889471, 884414.92516263772267848 1434092.82459233468398452, 884406.92718915396835655 1434099.74867762508802116, 884406.96466929011512548 1434113.55331564811058342, 884413.40686650085262954 1434124.15485258679836988, 884424.10013360669836402 1434125.7186761989723891)))"
39,3162.4548171162605,6,30,"MultiPolygon (((883430.39146313513629138 1434066.30636346992105246, 883434.1151655544526875 1434059.92472530994564295, 883435.68072100298013538 1434046.11564210476353765, 883424.43256551795639098 1434037.12022111541591585, 883416.39255831646732986 1434028.64697043085470796, 883413.15969036042224616 1434019.09864802239462733, 883424.35552099125925452 1434008.9798635458573699, 883415.79268889292143285 1434004.75567326275631785, 883405.63813514006324112 1434004.78347778366878629, 883402.40671743603888899 1433995.76610089745372534, 883398.66701910539995879 1433996.30729598109610379, 883391.19780093769077212 1434001.10634055337868631, 883384.28048437577672303 1434012.27532689296640456, 883381.11159281188156456 1434026.08881612308323383, 883372.58511668164283037 1434035.13838997925631702, 883372.62729272979777306 1434050.53593935794197023, 883381.19448434491641819 1434056.35296528995968401, 883393.5129988759290427 1434065.87639360222965479, 883399.41666177881415933 1434074.88643641909584403, 883415.46177236386574805 1434079.09012600989080966, 883430.39146313513629138 1434066.30636346992105246)))"
40,13368.009052922018,26,130,"MultiPolygon (((884637.37756272882688791 1434137.35209771920926869, 884637.93790627899579704 1434146.90769245149567723, 884635.77710024325642735 1434138.41833611810579896, 884640.55978524289093912 1434128.31731066550128162, 884643.72330746240913868 1434112.38020925037562847, 884645.30506972642615438 1434104.41165653406642377, 884642.06386103946715593 1434091.67760817869566381, 884629.2141076922416687 1434083.21720357262529433, 884618.00510208774358034 1434088.55709317838773131, 884607.86787153698969632 1434094.95598332607187331, 884595.06560397951398045 1434104.01685551134869456, 884580.1255534584634006 1434113.08352579083293676, 884550.24259067862294614 1434130.15498452703468502, 884527.83614353975281119 1434145.08237775368615985, 884504.89094351825769991 1434158.4183889920823276, 884488.88923887349665165 1434170.14271807856857777, 884481.42571757070254534 1434177.0653271593619138, 884488.90796697442419827 1434177.04502476216293871, 884497.97050718613900244 1434168.52522699092514813, 884497.47063315554987639 1434181.26939632697030902, 884492.15642263379413635 1434192.43377338908612728, 884499.13159303809516132 1434202.50290338206104934, 884510.39241046016104519 1434216.27705520205199718, 884514.71550979663152248 1434233.78667396237142384, 884530.24755747348535806 1434245.9563832301646471, 884541.4507507854141295 1434238.49270038050599396, 884551.58793646818958223 1434232.09381022094748914, 884570.25034120865166187 1434216.11470689252018929, 884592.12087467301171273 1434200.6578604462556541, 884608.65991476492490619 1434189.99402449140325189, 884629.48172619752585888 1434181.97333807894028723, 884642.27821946714539081 1434170.78870478016324341, 884644.37428299535531551 1434155.385461789323017, 884637.37756272882688791 1434137.35209771920926869)))"
41,10646.086854605004,21,105,"MultiPolygon (((884567.61698472790885717 1434230.45749308681115508, 884550.54640434228349477 1434242.18467913079075515, 884539.87621607619803399 1434249.11596361477859318, 884532.41414324124343693 1434256.56949736247770488, 884535.65825970843434334 1434270.36538204923272133, 884557.02886496821884066 1434267.65267327823676169, 884568.28820734994951636 1434280.89586991956457496, 884568.89320291008334607 1434306.91072886064648628, 884577.49758705974090844 1434326.5324971922673285, 884586.60041689791250974 1434332.87919626105576754, 884600.51324149267747998 1434339.21285500028170645, 884611.20644285611342639 1434340.77671023737639189, 884620.26752615708392113 1434331.7260250193066895, 884631.43473128380719572 1434310.98876287811435759, 884640.47136383375618607 1434292.91201350069604814, 884646.85304596275091171 1434281.21384250652045012, 884658.57198827457614243 1434266.84646181389689445, 884664.94073290994856507 1434250.3697787276469171, 884668.10712624806910753 1434235.49461549171246588, 884659.52866714098490775 1434225.42981529096141458, 884643.45645481208339334 1434211.13772113644517958, 884627.4014987627742812 1434203.21698056580498815, 884612.43701492296531796 1434203.25753910560160875, 884592.69418387650512159 1434214.99195599602535367, 884578.28286295232828707 1434221.93337591644376516, 884567.61698472790885717 1434230.45749308681115508)))"
42,10985.402262843214,21,105,"MultiPolygon (((884634.72054508957080543 1434340.18202344933524728, 884622.4628716332372278 1434352.95800576242618263, 884618.23625592421740294 1434371.02169689629226923, 884610.79290754429530352 1434385.37746774172410369, 884599.07113813597243279 1434398.68294072011485696, 884596.96071727632079273 1434408.77666684193536639, 884605.54779843927826732 1434422.02706962660886347, 884614.12623781710863113 1434432.09180975239723921, 884625.88830125203821808 1434433.65276447869837284, 884632.80439682863652706 1434421.95317764906212687, 884635.42480258818250149 1434402.83196805417537689, 884648.77005668880883604 1434396.95537438569590449, 884660.01207221089862287 1434403.82722538430243731, 884654.6992955437162891 1434415.52246616687625647, 884644.03057957754936069 1434422.98464335501194, 884645.14839393575675786 1434441.03381676506251097, 884655.87754111585672945 1434455.87125168507918715, 884675.14337230601813644 1434465.37608307180926204, 884691.15362963790539652 1434456.83755416958592832, 884702.32514167658519 1434437.6932002839166671, 884706.05473464005626738 1434433.43552064243704081, 884706.53883739863522351 1434414.85105897416360676, 884707.0171886351890862 1434394.14281492005102336, 884716.59546324342954904 1434378.71938971895724535, 884719.76185903721489012 1434363.84427563240751624, 884715.44604347739368677 1434348.98942185728810728, 884706.86761628068052232 1434338.92464282200671732, 884698.87684468040242791 1434348.50335469213314354, 884690.34875617804937065 1434357.0216260536108166, 884682.33497586939483881 1434358.10523307020775974, 884677.49333362397737801 1434346.43749307142570615, 884680.13966058345977217 1434336.87325551337562501, 884687.58735646877903491 1434324.11031817994080484, 884689.69348995923064649 1434312.4237459956202656, 884689.13603231683373451 1434303.9300784831866622, 884682.16092434385791421 1434293.86094868066720665, 884668.27111826802138239 1434296.02237533312290907, 884661.35355022805742919 1434307.19104204326868057, 884655.51350734557490796 1434321.54247861076146364, 884645.920848642825149 1434331.65649462933652103, 884642.73145081964321434 1434338.03651847969740629, 884634.72054508957080543 1434340.18202344933524728)))"
43,7398.895233524032,14,70,"MultiPolygon (((884728.91134677827358246 1434447.23123847134411335, 884737.95920956891495734 1434436.68691734177991748, 884747.42188513139262795 1434439.66695326194167137, 884756.13938714715186507 1434446.7817931508179754, 884766.73456819821149111 1434449.00735034188255668, 884773.56217576004564762 1434456.50301629956811666, 884779.62019561335910112 1434459.11656770692206919, 884782.62326864805072546 1434450.84287126269191504, 884790.16045105550438166 1434441.0540687704924494, 884795.43363331549335271 1434433.1499328191857785, 884794.6599816846428439 1434426.76499503082595766, 884785.94553456536959857 1434420.77725955564528704, 884787.80288026120979339 1434408.37387081375345588, 884776.44827637274283916 1434405.02323708613403141, 884764.33425521361641586 1434400.54753787699155509, 884754.49542576994281262 1434398.31992923747748137, 884750.68512256757821888 1434387.81041894597001374, 884754.81358727032784373 1434376.15228516515344381, 884743.10622405319008976 1434382.19531848607584834, 884733.28366843180265278 1434385.97900090157054365, 884728.79839714348781854 1434405.52797108609229326, 884715.21743725007399917 1434417.96311961370520294, 884712.98905550863128155 1434432.99747143220156431, 884710.0063487229635939 1434448.7852771207690239, 884707.77898954227566719 1434464.19532370497472584, 884693.41319159837439656 1434466.11278117448091507, 884676.41845102072693408 1434474.80010292096994817, 884676.07997535320464522 1434489.45361032709479332, 884685.17973502760287374 1434498.07022103248164058, 884701.0938720511039719 1434509.29831908456981182, 884723.02937837690114975 1434509.61460189009085298, 884744.94148030935321003 1434501.28969466313719749, 884756.2441757929045707 1434485.47938095685094595, 884766.03415550396312028 1434469.67316142120398581, 884757.30139937717467546 1434456.92275221203453839, 884742.93254635622724891 1434457.71307825460098684, 884728.91134677827358246 1434447.23123847134411335)))"
44,2968.02167516388,5,25,"MultiPolygon (((884800.34897486341651529 1434432.76092019258067012, 884794.33671807555947453 1434447.05408600717782974, 884788.32039751170668751 1434459.84442943567410111, 884778.90045112301595509 1434472.64398512430489063, 884770.61505358805879951 1434485.44046789477579296, 884764.9647196278674528 1434493.72132722311653197, 884760.44079161458648741 1434498.99347829562611878, 884764.6343532323371619 1434511.38045850093476474, 884769.19795496168080717 1434520.76077737589366734, 884780.54235780925955623 1434520.3543542108964175, 884791.48823769297450781 1434512.43487266637384892, 884803.54425622581038624 1434495.49541653366759419, 884814.10179694928228855 1434483.81991620594635606, 884823.14966969168744981 1434473.27562378020957112, 884829.17819832183886319 1434464.99374656705185771, 884829.14566348609514534 1434452.97119552223011851, 884819.2885488816536963 1434443.98088955925777555, 884810.95025673683267087 1434437.2407188902143389, 884800.34897486341651529 1434432.76092019258067012)))"
46,1264.6164284544066,2,10,"MultiPolygon (((883437.29575917741749436 1433740.79528919141739607, 883423.94235573301557451 1433747.79063448589295149, 883410.58116358751431108 1433751.93922398099675775, 883401.3625278128311038 1433757.34171247435733676, 883385.45074348535854369 1433760.2320565078407526, 883377.51174105051904917 1433767.84520844649523497, 883375.3141813816037029 1433779.23834471520967782, 883388.36822969804052263 1433779.20260082487948239, 883399.49201204802375287 1433771.89704261510632932, 883403.96334726444911212 1433776.94574279058724642, 883413.82742014992982149 1433774.70457822969183326, 883422.72593011800199747 1433768.67035286943428218, 883430.98939090210478753 1433763.27048469870351255, 883437.66003035847097635 1433757.55866797128692269, 883443.0510460021905601 1433749.63619088660925627, 883448.76911102526355535 1433744.87590840575285256, 883445.57134545419830829 1433739.82371484348550439, 883437.29575917741749436 1433740.79528919141739607)))"
47,9160.439177375752,18,90,"MultiPolygon (((883095.02014536608476192 1434319.94301325245760381, 883090.9036935669137165 1434328.17825163924135268, 883082.0262007339624688 1434341.8037514362949878, 883067.74221079214476049 1434357.65823617042042315, 883057.919129692716524 1434374.76568365981802344, 883051.25906998501159251 1434384.27312453230842948, 883044.27106547437142581 1434390.30211484362371266, 883042.06669238395988941 1434399.1647016853094101, 883036.67671160714235157 1434407.40343214990571141, 883043.38717663288116455 1434416.24151750304736197, 883033.54325848305597901 1434425.75770263304002583, 883031.34236751042772084 1434435.88549104728735983, 883022.44144592084921896 1434440.9708236635196954, 883018.65384154673665762 1434453.00079617626033723, 883015.18114855326712132 1434463.76468377211131155, 883023.47658878529909998 1434470.06796448584645987, 883033.98334593116305768 1434470.03908688807860017, 883042.27182779158465564 1434473.81195668550208211, 883049.59645652095787227 1434474.42443604674190283, 883062.00310166354756802 1434470.59469597227871418, 883072.79348342632874846 1434457.91288526519201696, 883078.50445655849762261 1434450.62219978915527463, 883081.6561728660017252 1434438.91028527193702757, 883088.63635323964990675 1434430.03459025057964027, 883089.24706116179004312 1434420.54378205700777471, 883093.04337689175736159 1434411.67683039861731231, 883103.83378405519761145 1434398.99501328123733401, 883107.30650589987635612 1434388.23112024227157235, 883113.64992637326940894 1434379.35716943349689245, 883120.94590560905635357 1434369.53168814512901008, 883119.01213042251765728 1434360.99676970345899463, 883125.04325019393581897 1434354.33780734241008759, 883137.13241677440237254 1434350.82526047993451357, 883130.74990513408556581 1434345.46560170245356858, 883139.6213325965218246 1434329.62599678593687713, 883142.14672348299063742 1434321.7114376702811569, 883135.75465614721179008 1434312.87244395539164543, 883120.77132854238152504 1434305.9548695171251893, 883108.34378386603202671 1434302.19333258783444762, 883095.26382447720970958 1434292.74009509314782917, 883085.41552034497726709 1434300.67477602232247591, 883092.12685705116018653 1434309.82919457810930908, 883095.02014536608476192 1434319.94301325245760381)))"
48,467.3343790303916,0,0,"MultiPolygon (((883127.44270681287162006 1434300.5593629612121731, 883135.08922332595102489 1434302.43620022712275386, 883136.66987292235717177 1434298.3198926963377744, 883141.11080290214158595 1434292.29790076054632664, 883138.53070260374806821 1434280.28538165846839547, 883129.9264134403783828 1434277.46225572261027992, 883117.51883769128471613 1434280.97568229772150517, 883115.95208553457632661 1434290.15283958381041884, 883118.20164498593658209 1434297.73798951250500977, 883127.44270681287162006 1434300.5593629612121731)))"
49,1312.573291869834,2,10,"MultiPolygon (((883172.29718048288486898 1434286.51880093850195408, 883160.86126482498366386 1434296.03934709634631872, 883152.61009942612145096 1434305.86745753022842109, 883155.18411712057422847 1434315.66585074970498681, 883164.13022575748618692 1434327.0282757468521595, 883175.91750900528859347 1434329.52636261424049735, 883189.24725062842480838 1434313.99083397421054542, 883194.63466870482079685 1434304.80320193711668253, 883194.59908241010271013 1434291.83478705608285964, 883191.39176953071728349 1434283.30334605276584625, 883172.29718048288486898 1434286.51880093850195408)))"
50,1606.0935099925846,3,15,"MultiPolygon (((884676.36563579726498574 1433344.56613035732880235, 884675.05525000719353557 1433330.96831184788607061, 884667.07315052195917815 1433322.76583252102136612, 884654.98446594888810068 1433326.59428517241030931, 884647.35928791016340256 1433332.62483387719839811, 884639.08105409832205623 1433332.64724498521536589, 884626.66199013532605022 1433332.04824750032275915, 884618.40431191981770098 1433339.66206814721226692, 884620.34293795109260827 1433350.09507561335340142, 884622.91235470469109714 1433358.3121975299436599, 884629.93156976846512407 1433363.67047328758053482, 884639.47309478826355189 1433359.84891130076721311, 884646.1276725095231086 1433348.12739841546863317, 884654.09435970953200012 1433350.63631766918115318, 884656.66205719253048301 1433358.22082397830672562, 884660.50760840647853911 1433367.38342301407828927, 884669.09737901401240379 1433364.82968707079999149, 884674.16770122898742557 1433355.9592652041465044, 884676.36563579726498574 1433344.56613035732880235)))"
51,865.0096787177026,1,5,"MultiPolygon (((884763.51476628961972892 1433310.80140567640773952, 884756.84389761218335479 1433316.51304301479831338, 884752.72787888825405389 1433325.06456847302615643, 884754.65877204400021583 1433332.65080548659898341, 884767.72744736901950091 1433337.99274440133012831, 884779.5062943835509941 1433337.32827073615044355, 884782.02778325986582786 1433327.83212999161332846, 884787.73577506246510893 1433319.27630420983769, 884796.63796758279204369 1433314.50757255032658577, 884796.93754766299389303 1433307.54792288481257856, 884779.42760672839358449 1433308.22788741206750274, 884763.51476628961972892 1433310.80140567640773952)))"
54,137.3109316341579,0,0,"MultiPolygon (((884200.67060536227654666 1432540.37142653204500675, 884193.97606450587045401 1432544.9848767495714128, 884191.67827374010812491 1432550.50544221210293472, 884189.84553228516597301 1432556.94379840441979468, 884189.39046675257850438 1432559.70219643949531019, 884193.09151336434297264 1432559.921909483615309, 884198.16150148981250823 1432553.24499985598959029, 884201.84819945821072906 1432548.1801910069771111, 884203.45590527798049152 1432544.04008126631379128, 884203.90847658074926585 1432540.3626348739489913, 884200.67060536227654666 1432540.37142653204500675)))"
57,2736.992328265682,5,25,"MultiPolygon (((884726.89912474201992154 1434050.42488547973334789, 884722.92743757390417159 1434039.98868098785169423, 884711.08838611317332834 1434036.75606113625690341, 884703.86588369694072753 1434039.3873580195941031, 884696.66283194720745087 1434049.20088716386817396, 884692.74948887096252292 1434060.31137580168433487, 884694.08163876470644027 1434066.83711430802941322, 884690.1665301927132532 1434077.29466930055059493, 884686.24965541053097695 1434087.09929287247359753, 884688.89627242414280772 1434093.62146704830229282, 884696.81666804605629295 1434106.00576361618004739, 884704.71230485441628844 1434109.24905081163160503, 884707.34830912854522467 1434111.85364798596128821, 884698.15765812422614545 1434115.79614037647843361, 884687.64193233009427786 1434115.82462065434083343, 884683.7179886766243726 1434123.01752049056813121, 884688.32922871096525341 1434126.92263300996273756, 884696.87855867086909711 1434128.85827901377342641, 884703.45972627447918057 1434132.10512372618541121, 884713.30230234388727695 1434126.20206736354157329, 884717.87464316270779818 1434115.7427468600217253, 884723.10775520943570882 1434106.5875033272895962, 884727.6624231570167467 1434089.59888642467558384, 884725.65359981078654528 1434075.89270562957972288, 884725.63415425445418805 1434068.71047958033159375, 884722.98577427887357771 1434061.5353700581472367, 884726.89912474201992154 1434050.42488547973334789)))"
58,1579.0194452255964,3,15,"MultiPolygon (((884718.8584165689535439 1434139.24569284007884562, 884715.44321920583024621 1434152.28096072794869542, 884718.92896097851917148 1434165.2975377154070884, 884721.71532547450624406 1434174.88810710096731782, 884731.39148445741739124 1434180.34654236002825201, 884736.91223148291464895 1434180.33159454842098057, 884748.61969063873402774 1434171.38736520567908883, 884745.14880672213621438 1434163.85538619919680059, 884745.13024647138081491 1434156.99963935697451234, 884754.08847382618114352 1434152.17632970120757818, 884758.1937766462797299 1434139.13919833884574473, 884751.94395755499135703 1434124.75893325172364712, 884737.45754638186190277 1434126.85489111905917525, 884718.8584165689535439 1434139.24569284007884562)))"
59,698.169991474133,1,5,"MultiPolygon (((884747.72481687227264047 1434188.67915463424287736, 884736.11975678824819624 1434191.33243853482417762, 884739.31368385767564178 1434201.28687339765019715, 884747.77734302694443613 1434208.08080320945009589, 884741.47041590674780309 1434218.06095716287381947, 884735.16065226588398218 1434226.99237301852554083, 884737.82107390428427607 1434234.85075468383729458, 884747.30488466762471944 1434228.53260912513360381, 884755.74582427158020437 1434226.93663988052867353, 884761.5405422504991293 1434222.72597377188503742, 884761.51924995169974864 1434214.86044459673576057, 884755.13566521578468382 1434196.52468380541540682, 884747.72481687227264047 1434188.67915463424287736)))"
63,804.7586727011949,1,5,"MultiPolygon (((884775.53064118407201022 1434274.66275887936353683, 884777.40851569781079888 1434266.47813237737864256, 884777.40851569781079888 1434266.47813237737864256, 884773.59315685438923538 1434260.82569821365177631, 884768.50260382448323071 1434252.03073589084669948, 884757.09739793522749096 1434250.17402310227043927, 884758.98208398430142552 1434244.50615669903345406, 884764.02665190096013248 1434236.3129510551225394, 884758.95312751771416515 1434233.80990076530724764, 884749.46326413878705353 1434237.61076947581022978, 884740.61185188393574208 1434243.29749988112598658, 884738.73227902315557003 1434250.85294176824390888, 884745.71433671936392784 1434256.49680079333484173, 884752.04601939918939024 1434255.85046219918876886, 884754.57937385956756771 1434255.84360354603268206, 884757.75969389965757728 1434260.86856042291037738, 884757.14338929997757077 1434267.16218669549562037, 884759.07065868598874658 1434277.22409955295734107, 884764.79114294482860714 1434284.75895924819633365, 884767.30746284953784198 1434278.46019223146140575, 884775.53064118407201022 1434274.66275887936353683)))"
64,2466.112967932597,4,20,"MultiPolygon (((884133.91103523853234947 1434026.29793843626976013, 884117.46294961497187614 1434033.26390472496859729, 884097.84815368300769478 1434040.23849692102521658, 884086.4736730147851631 1434049.70746440393850207, 884070.01018384005874395 1434051.01068812422454357, 884065.60419536347035319 1434061.08988665882498026, 884063.09138384740799665 1434068.64712873566895723, 884065.01025785482488573 1434075.56310231052339077, 884073.25741616543382406 1434080.57424446498043835, 884084.0105336606502533 1434075.51136922044679523, 884091.59351484442595392 1434069.19872677139937878, 884101.72185795637778938 1434067.28355564479716122, 884109.98100086732301861 1434076.69907119171693921, 884118.83580758154857904 1434072.27057181438431144, 884132.11716464639175683 1434065.31322818621993065, 884135.89153692580293864 1434055.86495823413133621, 884146.64295446791220456 1434050.17290223529562354, 884146.62241016153711826 1434042.6225569793023169, 884145.97023503237869591 1434035.7031292961910367, 884145.97023503237869591 1434035.7031292961910367, 884133.91103523853234947 1434026.29793843626976013)))"
65,4286.676431627944,8,40,"MultiPolygon (((884105.14001555496361107 1433926.96245216601528227, 884089.9722833854611963 1433938.95857063145376742, 884092.54162700474262238 1433952.16481200326234102, 884088.14075856178533286 1433964.13161962130106986, 884077.40302716265432537 1433974.85727314557880163, 884073.01244397333357483 1433990.59925533132627606, 884083.16821183287538588 1433998.75121965864673257, 884096.46842830872628838 1433998.71501420717686415, 884100.23937560943886638 1433988.00833353772759438, 884109.09762609004974365 1433984.83821803354658186, 884116.67891591100487858 1433977.89637278136797249, 884126.81584260368254036 1433979.12718880805186927, 884136.32798489497508854 1433983.50571246212348342, 884150.235870111733675 1433974.02985478029586375, 884159.04277539881877601 1433951.98384982906281948, 884165.33856300660409033 1433938.12428934359923005, 884160.86749677977059036 1433924.2940133991651237, 884164.62477635568939149 1433908.55374377919360995, 884160.81443787005264312 1433904.78889600466936827, 884151.95959088392555714 1433909.21739895083010197, 884145.67064921872224659 1433925.59375958517193794, 884136.81409604928921908 1433929.39306712336838245, 884125.42074180871713907 1433931.94087570020928979, 884115.28380397404544055 1433930.71005725348368287, 884105.14001555496361107 1433926.96245216601528227)))"
66,2776.867819950916,5,25,"MultiPolygon (((884461.87630478001665324 1433861.50239327736198902, 884450.51833424484357238 1433855.89896437525749207, 884440.58456647128332406 1433852.63927532802335918, 884433.46353483526036143 1433840.92058470426127315, 884428.7068346826126799 1433829.66499616135843098, 884419.72720286750700325 1433829.68936530454084277, 884411.70681288454215974 1433834.87586114695295691, 884398.97049943986348808 1433843.83132433891296387, 884391.43929593171924353 1433855.12026247521862388, 884393.3526859967969358 1433863.56643707188777626, 884400.00238928326871246 1433875.75591550092212856, 884408.54380980832502246 1433888.40977634652517736, 884419.43426494242157787 1433895.89253858802840114, 884427.92088365613017231 1433888.35718432581052184, 884434.98457392817363143 1433878.94761140597984195, 884442.07120033563114703 1433877.98934048553928733, 884450.59222337685059756 1433883.13094108877703547, 884460.51451853045728058 1433882.16497919312678277, 884465.22280097403563559 1433875.57892285194247961, 884467.09541470604017377 1433869.00055909482762218, 884461.87630478001665324 1433861.50239327736198902)))"
67,809.1675588786602,1,5,"MultiPolygon (((883033.13073849130887538 1433067.370348593685776, 883029.66665621264837682 1433061.10195774142630398, 883034.24210243672132492 1433053.67006748681887984, 883038.24307442363351583 1433046.23975303024053574, 883034.19981727201957256 1433038.26079313480295241, 883025.00820031063631177 1433038.28601697995327413, 883010.11881549027748406 1433055.4484267346560955, 883004.40852077421732247 1433068.01989646186120808, 883009.02939033193979412 1433077.13869855343364179, 883023.40067720110528171 1433080.52356085903011262, 883022.80270689981989563 1433071.96443525329232216, 883033.13073849130887538 1433067.370348593685776)))"
68,1034.7337374221534,2,10,"MultiPolygon (((883053.96062544325832278 1433121.53135317983105779, 883035.59778923832345754 1433129.00106534594669938, 883025.86617733398452401 1433141.58354734885506332, 883023.01573400176130235 1433149.58140694396570325, 883030.5136639354750514 1433160.40444584167562425, 883041.42084656329825521 1433157.52092849952168763, 883057.48107460886240005 1433148.34539010655134916, 883066.61473108781501651 1433127.20380420237779617, 883063.15065782645251602 1433120.93542054295539856, 883053.96062544325832278 1433121.53135317983105779)))"
77,1028.2365323309787,2,10,"MultiPolygon (((882655.50368010904639959 1432531.93580714939162135, 882652.75995607243385166 1432539.08110415423288941, 882644.47288737143389881 1432540.20202243141829967, 882634.53082284424453974 1432542.42561179539188743, 882627.34607798582874238 1432542.44538494758307934, 882619.06807724083773792 1432546.86062791617587209, 882622.41282543051056564 1432557.28351155715063214, 882624.64769403310492635 1432566.06227600830607116, 882625.21850042790174484 1432572.64939043112099171, 882631.30242895160336047 1432574.2798170899040997, 882642.34378653333988041 1432569.85697415424510837, 882650.61271936295088381 1432562.14741983497515321, 882657.22968064376618713 1432556.63864050875417888, 882659.95829705079086125 1432544.00281470129266381, 882663.25167326512746513 1432535.75789185427129269, 882655.50368010904639959 1432531.93580714939162135)))"
81,592.1678616446443,1,5,"MultiPolygon (((882605.14917598641477525 1432945.69183491659350693, 882597.24807455239351839 1432952.97755701187998056, 882590.57227622671052814 1432962.68122503557242453, 882589.97963312629144639 1432968.73615727061405778, 882592.43690239603165537 1432975.99334794376045465, 882603.41791800130158663 1432980.80574275064282119, 882612.53931254718918353 1432974.12199531798250973, 882614.3355875852284953 1432962.61578046251088381, 882613.7012682999484241 1432953.53757639182731509, 882605.14917598641477525 1432945.69183491659350693)))"
82,1653.6778868604451,3,15,"MultiPolygon (((882585.15346132509876043 1432986.30401561921462417, 882568.11430957017000765 1432994.22023919504135847, 882557.7792984084226191 1433002.72332682530395687, 882559.65060595027171075 1433018.45673595834523439, 882568.81534505041781813 1433027.51142480061389506, 882582.83458777284249663 1433029.28879148862324655, 882596.21283580921590328 1433019.56667432771064341, 882601.66332608251832426 1433007.44507619482465088, 882611.98667437618132681 1432994.70472662150859833, 882611.97167143877595663 1432989.25680168718099594, 882594.88416766317095608 1432979.6185864107683301, 882585.15346132509876043 1432986.30401561921462417)))"
97,1891.9607614660636,3,15,"MultiPolygon (((882584.39725446701049805 1433034.02857489488087595, 882567.86035052267834544 1433033.16156287514604628, 882560.53184689790941775 1433040.48230269132182002, 882562.42934451170731336 1433062.37871380243450403, 882560.62739271821919829 1433075.15962976519949734, 882561.57865634118206799 1433087.02038847049698234, 882574.46637735515832901 1433097.02312176558189094, 882588.23747334652580321 1433094.24748174240812659, 882598.33426695200614631 1433091.48196691414341331, 882600.13622853578999639 1433078.70105871744453907, 882591.84641912975348532 1433070.51078358152881265, 882585.40381508972495794 1433065.96569138974882662, 882585.37364901520777494 1433055.01495799003168941, 882592.70969450590200722 1433050.43190914578735828, 882595.45285697979852557 1433045.86151180369779468, 882595.4252076850971207 1433035.82333524711430073, 882584.39725446701049805 1433034.02857489488087595)))"
98,1601.0786922667176,3,15,"MultiPolygon (((882576.31861389463301748 1433102.49342218460515141, 882564.39724441268481314 1433109.82680484862066805, 882556.16275379026774317 1433121.71286493726074696, 882554.37086742522660643 1433138.14400255214422941, 882558.99140339565929025 1433148.16950020752847195, 882574.61220321140717715 1433149.95159098925068974, 882591.13397799455560744 1433145.34324203059077263, 882596.62782987731043249 1433138.94014377752318978, 882596.59012304036878049 1433125.25175017048604786, 882592.868059535860084 1433107.9232333826366812, 882590.10227736260276288 1433104.28058403800241649, 882576.31861389463301748 1433102.49342218460515141)))"
99,1604.8465012987144,3,15,"MultiPolygon (((882589.35967870475724339 1433168.16227989620529115, 882577.40815562941133976 1433164.54494392708875239, 882565.46668829000554979 1433164.57784678274765611, 882554.45385413221083581 1433168.25845745974220335, 882551.74842840246856213 1433186.51722635445185006, 882552.69969595968723297 1433198.37795428559184074, 882566.50596251874230802 1433208.37812389270402491, 882584.88497436407487839 1433211.06517750723287463, 882589.44515743141528219 1433199.18926899507641792, 882594.91637535113841295 1433184.57315215328708291, 882594.89626371080521494 1433177.27268378157168627, 882589.35967870475724339 1433168.16227989620529115)))"
