polygon_id,avg_elev,avg_min_elev,avg_max_elev
193,20.39297393798828,20.25328712463379,20.598346481323244
195,20.47940393704087,20.306916720831573,20.598643402555094
1008,20.423686981201172,20.24538162379589,20.611966734950983
1009,20.453276269387878,20.224341206902626,20.623482249727186
1011,20.42945409726493,20.219065358367146,20.600398371491252
774,20.49502639770508,20.24334979057312,20.62192282676697
777,20.406557390059547,20.14021321000724,20.536106767325567
776,20.407836971860945,20.198531237515535,20.615299687241063
775,20.426584417169746,20.147707765752617,20.57762371410023
712,20.31566899435303,20.13658092697909,20.488220269506762
734,20.312601728537647,20.180504385958013,20.51184235405676
770,20.246703874080552,20.10918814982843,20.50395085396023
1065,20.423904807704268,20.230159994396686,20.6093167226026
881,20.36508878384527,20.18566372002079,20.543982934600304
1444,20.36535572270465,20.18129486134399,20.557610536987035
1487,20.330156930602424,20.18461050845609,20.503599072446917
470,20.416449290950123,20.171819454286158,20.50291945294636
1452,20.397761171514336,20.188781998374246,20.55505860935558
1329,20.330221940590736,20.182270145290943,20.52072478656543
1330,20.350804138183594,20.210666384015763,20.46684842790876
427,20.25200391219834,20.156053510762877,20.372856883679408
509,20.195417562461,20.10250130332852,20.350581030628
361,20.040805544172013,19.995878219604492,20.357601165771484
362,20.24137273730149,20.077101220210047,20.43464327483198
950,20.4495095458047,20.18026536153852,20.68532910526002
946,20.41109135571648,20.20242758358226,20.547171256121466
626,20.375044965744017,20.145810532569886,20.482947325706483
630,20.448877238425887,20.24111686834768,20.660750477253888
631,20.319796017238072,20.186235564095632,20.57063034602574
949,20.392619746854937,20.155317624409992,20.50466546245005
628,20.44577203717148,20.25028533266302,20.595356907760888
645,20.332533947257108,20.126155587129816,20.52321274335994
622,20.47216808094698,20.145676756216808,20.595849591922136
657,20.410543770625672,20.150052037732355,20.485780058235957
621,20.398507952008927,20.178931623186383,20.55155917576381
640,20.34175440322521,20.188602048297263,20.608488193778104
643,20.43906392237937,20.211315421170966,20.61940380954003
639,20.372298066334057,20.22985001020534,20.59402826780914
934,20.374783385427374,20.19899394386693,20.549390933388157
961,20.45110265558416,20.23026455965909,20.682238734852184
658,20.291200429742986,20.107817805897106,20.411615995927292
659,20.364365448822845,20.159954431894665,20.509740076838312
963,20.48086676750009,20.2441983593109,20.66009450067668
174,20.449158096313475,20.276740352085657,20.629017486572266
969,20.438298221633367,20.241247787777144,20.636711278922945
970,20.378746737062542,20.204557954875472,20.58482561547772
855,20.408271098959034,20.270359960095636,20.569418479656353
853,20.384971255347843,20.23651159377325,20.56293028876895
854,20.46897096633911,20.265849590301514,20.615637063980103
976,20.307884775707663,20.14446749872538,20.48881187708555
849,20.370971704784193,20.235818900560076,20.50647400554858
845,20.321700253932597,20.196811182035816,20.521907710342955
981,20.278170027383943,20.15221456202065,20.43175869453244
172,20.41549286561854,20.185796490837546,20.59335128559786
201,20.474728211112645,20.253997139308762,20.630414465199348
156,20.409104137097376,20.154357845500364,20.556944119728218
161,20.200523400608496,20.119612005692495,20.455383204206637
987,20.431322053931225,20.285698594718145,20.60618422497278
989,20.381937988447557,20.22021246346206,20.573159365952826
1005,20.45177681181166,20.246820418039956,20.642449866400824
164,20.342914323549014,20.19393941518423,20.501743729050094
1000,20.39006874778054,20.196812984371974,20.62942415032505
993,20.541119795579178,20.227052468519943,20.6882083599384
1506,20.49628288929279,20.262551344358005,20.674658390191887
655,20.53497606775035,20.30993073919545,20.66777915539949
1508,20.434830670799712,20.188491873402413,20.595588996762135
1510,20.47171964910295,20.276159312989975,20.650360425313313
1511,20.691086268661046,20.322045807791227,20.969112245163114
1015,20.417996207873028,20.225169161955517,20.610588053862255
1563,20.373173919883936,20.201442177231247,20.518142777520257
223,20.23321811358134,20.102079788843792,20.482896844546
217,20.42614162990025,20.210880715506416,20.580644825526647
222,20.22329550849067,20.068477418687607,20.499484422471788
216,20.39847811256967,20.154509381550113,20.512103801820338
246,20.389216740926106,20.221389611562092,20.55154848098755
245,20.262638255528042,20.123310579572404,20.492442539760045
243,20.446428668114446,20.21009426732217,20.564251315209173
717,20.35344549325796,20.21240912950956,20.470373667203464
739,20.31202395260334,20.158973090350628,20.53245770931244
15,20.37049560546875,20.17745000399076,20.57166530902569
768,20.396671227392208,20.20458760237331,20.565996620255678
276,20.14667354930531,20.092227935791016,20.439178813587535
1248,20.40465434489806,20.230480346211625,20.58574071544811
1263,20.40317027141593,20.161197728504334,20.616645724787187
275,20.20036476536801,20.1008983411287,20.431352916516754
1252,20.3534271726883,20.19827232046873,20.585453747721857
592,20.273879718780517,20.08445930480957,20.425206184387207
122,20.40206127166748,20.24646987915039,20.51475772857666
565,20.40947723388672,20.211465060710907,20.52156537771225
564,20.449026536941528,20.222215270996095,20.57795386314392
294,20.455629920959474,20.206416352589926,20.56869223912557
587,20.29051245412519,20.11927746188256,20.474166870117188
562,20.26592445373535,20.085314317183062,20.46228975238222
561,20.21965217590332,20.110911616572626,20.476653982091833
560,20.4179571400518,20.206500841223676,20.520152879797894
282,20.414691976598792,20.24912741377547,20.51965620711043
559,20.458800395329792,20.28321663538615,20.511975129445393
283,20.399317741394043,20.2496259913725,20.57545706805061
548,20.13386173248291,20.004783376057944,20.340764554341636
543,20.33198125362396,20.101090025901794,20.502645468711854
545,20.27718809027421,20.125086131848786,20.476343636763723
1058,20.321683968816483,20.150772639683314,20.526066324540547
1059,20.32485938794685,20.185968341249406,20.51050077785145
1462,20.198157231947956,20.03277753942153,20.39594232895795
1449,20.33643348581098,20.146246219503468,20.48129964931845
1461,20.387980222702026,20.17496630549431,20.585855931043625
325,20.312598272201118,20.08889540401074,20.50422678956198
389,20.391294691297745,20.192668194240994,20.570663452148438
388,20.332012176513672,20.132600402832033,20.567559204101563
93,20.2642856325422,20.062157540094283,20.474123182750883
1094,20.258738826019595,20.126528576166944,20.511539536293107
1070,20.284926698014544,20.189792220656937,20.549846546069997
491,20.39266044506128,20.22874315234198,20.540405162866566
1084,20.469988884863916,20.217436282665698,20.66061545037604
1067,20.319381741509922,20.182283401489258,20.589907383573227
459,20.37414018457586,20.20722136064009,20.57287517894398
460,20.467257744024607,20.259518639115264,20.61496070987922
1068,20.371571955473527,20.237703572148863,20.558068379111912
130,20.27174220868011,20.12362502226189,20.55250715853563
120,20.49941579122392,20.226828832474965,20.62557564084492
455,20.35689857357838,20.186373265063175,20.482677037598656
464,20.470404743442874,20.290487707013913,20.644235949544512
463,20.454811096191406,20.246819734573364,20.59423427832754
806,20.271761377477436,20.17706344201176,20.53681431572868
558,20.559692473638627,20.356976645333425,20.654354731241863
138,20.439115238189697,20.266867852211,20.644489002227782
536,20.39877791404724,20.23067970275879,20.61054971218109
494,20.344951225049567,20.222139820908055,20.534464315934613
1328,20.385473630832553,20.192070169019864,20.558503279636476
534,20.54237283070882,20.310875988006593,20.69262762069702
921,20.40096466339033,20.231506416301187,20.5573286581162
1451,20.300125728084094,20.15782965465533,20.449191715406336
922,20.365542863916467,20.218092904267486,20.552502211817988
582,20.196468353271484,20.157222175598143,20.453723983764647
6,20.421002158412225,20.2198935026004,20.573095869134974
516,20.328061655948037,20.18939579300016,20.487768095139174
1410,20.520311064639333,20.212174932835467,20.78830271252131
1413,20.421295147497677,20.22123158093795,20.699426178793306
439,20.43399985386775,20.25929483266977,20.581099979694073
1181,20.278003252469578,20.144180224492,20.4340636913593
1409,20.42149088242475,20.193847106484807,20.669279984866872
1180,20.52917812181556,20.16446072122325,20.59681394825811
1137,20.35811848543128,20.208443563811635,20.596096564312372
1407,20.32573976236231,20.190804790048038,20.541153515086453
1408,20.326476467542413,20.182087701214247,20.477449369824622
305,20.331015491485594,20.13026354312897,20.592351341247557
1081,20.46456139547783,20.28678331877056,20.597770724380226
1406,20.3579024138274,20.18788394221553,20.5257327609592
1405,20.306847493292878,20.191579639582343,20.572199278773525
1331,20.336839897688044,20.15207290649414,20.503436731737715
540,20.379839579264324,20.20411865234375,20.538892161051432
1135,20.413935642616423,20.21674627416274,20.581927486494475
541,20.296226851145427,20.158594767252605,20.501416142781576
1075,20.328656174754368,20.144170649482398,20.526738205635517
539,20.23444389116646,20.144346407144376,20.37326910944268
1469,20.474094477566805,20.301192543723367,20.6053429516879
1355,20.30558466173939,20.198323161331647,20.425067547670345
1360,20.26817277959875,20.139728133742874,20.454009674690866
508,20.22297694765288,20.142508802742793,20.348823350051354
579,20.25156934144067,20.0682029411441,20.506431735929894
1201,20.303841121161163,20.175419878603808,20.44099564338798
475,20.265854858770602,20.128793483827174,20.613858292742474
1389,20.338031216202495,20.19897215834288,20.438962562061917
831,20.361926235730134,20.12205022498022,20.56899797463719
1133,20.37867248058319,20.204076170921326,20.634742081165314
1132,20.482070604960125,20.185304323832195,20.623626973893906
580,20.377110631842363,20.11838099831029,20.580126812583522
1375,20.333281585850667,20.192717365382872,20.44337020952677
344,20.36481523513794,20.093441009521484,20.457046270370483
1530,20.319704994322763,20.220561890375045,20.4184690808493
1374,20.380980024150773,20.222006267971462,20.54411228653652
1383,20.38423970423707,20.243128505321817,20.481329839163966
1534,20.376292083574377,20.252998974012293,20.48144060632457
488,20.185983503187025,20.094190829509014,20.295320781501562
1535,20.38089487629552,20.243265244268603,20.48177316111903
396,20.22943527357919,20.06745365687779,20.547242437090194
372,20.282623522622245,20.10211819240025,20.5729996408735
373,20.32324938987618,20.124216563666046,20.58914611588663
394,20.343864034433835,20.133203318861664,20.54409836941078
1557,20.34963199406915,20.19074131193615,20.45445217825538
1520,20.20811172042574,20.109035003752936,20.338589730716887
1527,20.16497341988018,20.077567808258518,20.324343224775316
1346,20.302195231119793,20.177404403686523,20.37767255873907
1558,20.434511521805163,20.282015050843704,20.547148762192837
1546,20.16579181868751,20.05445911003663,20.28085959494651
1568,20.228682680236137,20.096676861349085,20.360197516048657
363,20.325478843280248,20.089369569505966,20.46827585356576
918,20.09547578765125,20.041475975222703,20.320722579956055
1123,20.178406137815664,20.07305459573235,20.331924814573476
418,20.18036561371178,20.063115294261646,20.4511198330951
1525,20.27278947073316,20.125472053648934,20.356576117258225
1518,20.132252783145546,20.01695506977585,20.30778708547916
1605,20.191757520039875,20.05323405014841,20.305746747736347
448,20.152981911176518,20.020179018562224,20.347966959447035
1177,20.13307428021803,19.98300288585906,20.33112283801356
1188,20.03412993200894,19.966261617068586,20.133884545030266
576,20.05040086110433,19.987268702189127,20.36530335744222
1183,20.05967808532715,19.96871646118164,20.271749099731444
447,20.12134965860619,19.96910347128814,20.39619004951333
1581,20.14255051863821,20.00277278297826,20.24378350464224
1579,20.1210736894941,19.991805436727883,20.25565453509351
1582,20.14168063151478,20.00559248535418,20.301621334747182
1573,20.1754606791905,19.99010769526164,20.275447368621826
1587,20.14954939948188,19.96890614827474,20.30131615532769
1590,20.104029379950628,19.985239834255644,20.185666105482312
1165,20.102298703686944,19.96574306488037,20.280965098019305
1600,20.083796828540404,19.968004796042372,20.239992056319963
1595,20.135535605868004,20.00549185903449,20.232566876518995
1167,20.13018516666633,19.98262909818287,20.267395145636943
1168,20.104213256835937,20.012944869995117,20.248637161254884
615,20.17780113220215,19.955244657728407,20.44793620639377
866,20.35492447444371,20.060742923191615,20.53073842184884
607,20.31429541254618,20.17019066178655,20.522009700177662
948,20.42017498924619,20.22437371753511,20.59643312181745
933,20.434081364453323,20.23883821130768,20.639675279942953
606,20.43966922945189,20.275875535983484,20.591395850320463
603,20.365774902642944,20.21017665489047,20.47692096934599
953,20.429430600975742,20.196456292096308,20.637927804674423
605,20.467910898142847,20.261193702960835,20.639044991854963
954,20.456359050987224,20.196738816335838,20.661535453282276
940,20.43167561799093,20.179233301698773,20.61756982367023
602,20.477777826504443,20.290869630227878,20.63502221595584
945,20.410549545288085,20.26035868326823,20.717671140034994
944,20.404008988411196,20.16286253160046,20.63157118520429
943,20.30776196718216,20.130035519599915,20.572114050388336
627,20.330090122838175,20.185527924568422,20.466719288979807
625,20.357766278584798,20.16527442932129,20.46859992345174
931,20.506456104132646,20.214550925082847,20.70249309435568
956,20.40849949984715,20.202710838153443,20.582642181166285
955,20.43095634482001,20.204262183884442,20.632673495233394
629,20.3908780361044,20.234035952337855,20.6227309457187
616,20.304177820682526,20.147732704877853,20.452319979667664
624,20.39995090297011,20.21028221630659,20.55365259139264
1493,20.41304668850369,20.21802467063621,20.612114503648545
618,20.329490511040937,20.052761228461016,20.479954619156686
646,20.25712931950887,20.092684586842854,20.44661741256714
619,20.30911153157552,20.16214370727539,20.440307680765788
623,20.391253387035967,20.21719708085871,20.565311224282194
1494,20.350419962847674,20.24101628197564,20.67238030610261
617,20.374690612157185,20.20761760075887,20.574274222056072
194,20.36338559105283,20.21252853756859,20.562548809959775
958,20.40116974742142,20.173475580117138,20.53604896781371
932,20.422937749803236,20.23182951086979,20.59551508095717
952,20.483882748350805,20.24324748759367,20.648655116801358
939,20.32180681682768,20.18084884825207,20.507090795607795
1442,20.38344267140264,20.224525916058084,20.568773020868715
937,20.415977192435037,20.183375287183466,20.67277905265278
959,20.399686684479583,20.237914394687962,20.669368279946816
1443,20.351530974765993,20.216866523214858,20.51827707830465
936,20.44291200166867,20.207463482279838,20.644335782086408
641,20.37316578312924,20.20248932587473,20.54857708278455
1432,20.404783990648056,20.24584556761242,20.602453791905962
935,20.39003194611648,20.191237712728565,20.59952482683905
1433,20.352483221825132,20.238886731736205,20.570726516398977
634,20.382960959656597,20.236266697922797,20.557853907754975
635,20.42697087820474,20.222884388713094,20.59697894306926
660,20.444897166320256,20.28399279287883,20.64861128159932
633,20.36333771122312,20.20798514653178,20.554052778818075
1379,20.459837867218315,20.271029342725438,20.629557628076054
964,20.41739853363576,20.217776706277693,20.579212222419443
966,20.46703190570111,20.28139258431388,20.67343411745725
662,20.397273336138046,20.257914297921317,20.554888698032926
661,20.44338537632734,20.296588766163794,20.596532624343347
851,20.49063519069127,20.305882045200892,20.63666685525473
967,20.454299946626026,20.268705248832703,20.639397223790485
968,20.46965693296651,20.236951541523688,20.65874054497881
971,20.368002228114914,20.213927310446035,20.5050223391989
178,20.412795490213576,20.20767082761756,20.582323236850346
852,20.377845923105877,20.252731217278374,20.56842369503445
972,20.447043448921264,20.23194699024591,20.655682308467355
847,20.424884966441564,20.225642229829514,20.560032205922262
181,20.340995641855095,20.15338501563439,20.536877852219803
199,20.31268935367979,20.12651877567686,20.606970622621734
200,20.448873333814667,20.202493574561142,20.66599213204733
974,20.427019447475285,20.227167637317212,20.666923101846272
182,20.51795271378529,20.21998897987076,20.673743984367274
191,20.290066211023063,20.17319030405205,20.499197808381552
978,20.356404393601995,20.184414193704466,20.529117023243625
185,20.44244799247155,20.2512836089501,20.57193800119253
1497,20.335969965166182,20.20621900115838,20.536762656038825
979,20.372650118016484,20.187712939817516,20.553625249150972
160,20.211861857661493,20.11849132584937,20.398387791197976
162,20.139342836233286,20.09723374293401,20.397360038757324
157,20.310085194451467,20.140555245535715,20.496453762054443
1499,20.47840428352356,20.219495452683546,20.742133148785296
848,20.35410661047155,20.20675195347179,20.492340261285957
857,20.26498116039839,20.138745104680297,20.58014488220215
980,20.425594608533327,20.193490729484385,20.593795933135567
850,20.363908019362455,20.197357898693905,20.569869812595787
1500,20.45969081051135,20.21336460618115,20.75467357938252
213,20.288754993014866,20.182054646809895,20.52471063401964
159,20.239721129922305,20.120325761682846,20.37146198048311
986,20.389753230206377,20.20674132475089,20.55405196483001
903,20.38801551587654,20.190701686974727,20.59066258054791
163,20.37154284063375,20.190019166694498,20.59057334683976
158,20.32198026287022,20.12936253334159,20.43957610628498
214,20.27322726779514,20.1683054500156,20.587604522705078
1301,20.272717157999676,20.141855593080873,20.526497381704825
211,20.294544453523596,20.12454721878986,20.45356579216159
1298,20.332373968760173,20.14201084772746,20.529771709442137
188,20.242050339193906,20.09425101560705,20.46865945703843
212,20.365041608395785,20.156419505243715,20.511388156725012
186,20.312144430060137,20.126785981027705,20.50334564008211
811,20.437505122335807,20.219002468929787,20.584017156145535
1425,20.35750162779395,20.20036032662463,20.62747468521346
1300,20.361114311218262,20.12086841583252,20.543274612426757
904,20.255224091666086,20.117982183183944,20.418912297203427
1293,20.555886973505434,20.35104150357454,20.667608717213508
190,20.563312265608047,20.383351114061142,20.662095546722412
1292,20.43887241908482,20.301830073765345,20.592991365705217
990,20.436000655182696,20.22180187596684,20.658043599761694
1434,20.413541224095727,20.25129593192757,20.71041912227482
1003,20.483596672550323,20.289134554709157,20.664535473239038
812,20.40360635987127,20.18071035315229,20.53430953200575
1297,20.446499298358784,20.301420310447956,20.613315779587317
1296,20.44820721944173,20.27806304295858,20.615082422892254
1299,20.407752496224862,20.144970364040798,20.56829007466634
653,20.439342822058727,20.25885472055209,20.639117030774134
859,20.488419375373322,20.225596844571307,20.618608493249393
991,20.425923592703683,20.248670795985632,20.815202277047295
1435,20.496204400991466,20.266031661590972,20.700220269042177
1291,20.310784368231744,20.20436959219451,20.487852833058575
1290,20.374803026816004,20.187342091610557,20.508391229729902
1504,20.43244234720866,20.235623864566577,20.618575601016772
206,20.297619542767926,20.233906428019207,20.50764988314721
166,20.367625350657576,20.19255630758278,20.548743678796246
205,20.267349447522843,20.084954398018972,20.503648349217006
992,20.56343521118164,20.350288619995116,20.679709548950196
682,20.36933150363328,20.198085689065444,20.522164924659922
1289,20.388029740406918,20.196596897565403,20.578554740318886
656,20.44408462007167,20.26992083404024,20.648246409529346
1513,20.452684493291947,20.26602277301607,20.574124517894926
654,20.473790898042566,20.287395505344165,20.631734455333035
125,20.365539418890123,20.149914629915926,20.56340510794457
146,20.34498219262986,20.130248773665656,20.570614315214613
1288,20.35454328132398,20.17058825252032,20.51618653114396
780,20.416492103684877,20.14129624468215,20.557339566819213
996,20.469411565296685,20.250056195614942,20.65122467724245
1004,20.488931920154986,20.206557836877295,20.646768748042096
997,20.363599043626053,20.2204228914701,20.63276211665227
1001,20.444636237103005,20.18511204926864,20.678497181768
147,20.287426621573314,20.119734001159667,20.43462497166225
1286,20.36721205100035,20.1808531834529,20.53951657939161
1018,20.428810703053195,20.218320698457607,20.585229550529927
782,20.368349903034716,20.105231435044008,20.524623343029862
1010,20.197623855189274,20.05620595028526,20.41669920871132
202,20.35581346285545,20.181995941420734,20.589940135761843
1284,20.303037996051692,20.12223670061897,20.47687735677767
1507,20.357804887435016,20.154087094699634,20.53757095336914
884,20.30577018234756,20.13760984336937,20.473138788244228
781,20.55016723045936,20.16897788414588,20.605453491210938
800,20.460865795612335,20.19201672077179,20.60459554195404
778,20.422905553181966,20.158773854573568,20.580171051025392
783,20.452376047770183,20.197056906563894,20.562314805530367
1512,20.57410099580116,20.22642583945363,20.85484568605718
758,20.425271425090852,20.13652226182281,20.573714240652617
1285,20.371376935173483,20.169598266858014,20.506124993332293
1509,20.41395400849399,20.184967407327616,20.628777308179842
1016,20.417423127014512,20.21595703521905,20.631836830536066
684,20.361126432231828,20.19964979209152,20.57415517171224
230,20.32725258226748,20.184568175563104,20.53360460422657
1025,20.396187308375822,20.186335078046366,20.544549017596097
1026,20.362301439290476,20.153251850637492,20.573740431658255
648,20.43978144905784,20.27775787006725,20.588342319835316
1029,20.425475028047593,20.182814722475797,20.576684384043002
763,20.409223510742187,20.086629379272463,20.51228674316406
1514,20.54070063504306,20.22203982960094,20.718511061234906
229,20.27891476949056,20.123211083588778,20.54069130508988
226,20.30885616568632,20.17976574565089,20.536011762397234
1007,20.388513911854137,20.259823885830965,20.553257942199707
169,20.397786140441895,20.166926013098823,20.551918907771036
225,20.292830423875287,20.094122539867055,20.50404860756614
228,20.28910420975595,20.137530272861696,20.505880211884122
766,20.3933732340655,20.16053187753272,20.529008512421857
1019,20.411143179937582,20.188143022449058,20.58060348120919
224,20.152370650192786,20.02687276642898,20.493613703497523
883,20.37653325375517,20.188230068199815,20.576350771748825
767,20.33042495195256,20.101617777624796,20.463002830327945
1561,20.432011802597803,20.248946671438688,20.609903562186968
1562,20.376693896589607,20.1594994249015,20.506232939095334
220,20.2240433883667,20.059212608337404,20.47065662384033
757,20.38971830923346,20.17224832124348,20.523640741275834
1006,20.378968220372354,20.198134379233082,20.54036002620574
221,20.285984745732062,20.074912671689635,20.503556074919523
820,20.31197356209537,20.102826868822127,20.48709287498203
1030,20.379793679842386,20.14717598371608,20.549853970927575
900,20.380821885073864,20.172796695926117,20.531853902300067
1023,20.380607761553865,20.163718365911226,20.570222676689944
215,20.37441875821068,20.218819391159784,20.536902336847213
899,20.352921612784588,20.172198954569936,20.524259616377016
1031,20.345480637584657,20.12471511895708,20.52950315681293
589,20.284215825976748,20.081222779823072,20.40318977471554
1036,20.30671142877317,20.13552058350806,20.54489834355373
241,20.283366238629377,20.080685368290656,20.51248077110008
740,20.367315583977817,20.173091998770218,20.564312824533005
256,20.288430976867676,20.107558822631837,20.535684013366698
255,20.212912139892577,20.09002819061279,20.468498458862303
1037,20.387891634546143,20.2347908598004,20.527176230844827
253,20.24469061458812,20.07328936632942,20.53214224647073
254,20.21545346577962,20.122344732284546,20.46147382259369
1269,20.67497804429796,20.233801069713774,20.93002204289512
1267,20.723900887273974,20.272576362855972,20.940769472429828
1266,20.545198225205944,20.220247976241573,20.84293916148524
1035,20.421474233215108,20.227555725600695,20.60059652223692
1071,20.4246111046778,20.199896982271376,20.583645663849296
1258,20.368594971804843,20.15033730530997,20.597506605761147
840,20.20008664972642,20.103534305796902,20.446435255162857
1246,20.303916015625,20.075724716186524,20.606423606872557
1238,20.654446890187817,20.325540853101153,20.94046233421148
12,20.30661627825569,20.180621502446193,20.473735697129193
250,20.28801842169328,20.11203546957536,20.550988825884733
235,20.307493618556432,20.148776735578263,20.47939785159364
234,20.30875643439915,20.178428235261336,20.560457768647566
1256,20.309985481202602,20.13056707009673,20.510903906077147
1243,20.378010239712026,20.183749088021212,20.57928072020065
249,20.341529776410358,20.11293287975032,20.521947697895328
1245,20.316399455070496,20.005385200182598,20.488176186879475
1260,20.34947420556449,20.15375470901284,20.569887191190848
233,20.37156951995123,20.139218216850644,20.594148476918537
1239,20.5238136693051,20.245503455714175,20.79633066277755
1242,20.53344068856075,20.232216341742152,20.724744928294214
248,20.39522893378075,20.16999025547758,20.55209675241024
232,20.27884717530842,20.098811910122254,20.543839539153666
247,20.419897079467773,20.186063853177156,20.542384147644043
1240,20.565944682468068,20.2603352394971,20.798274647105824
1237,20.265214846279083,19.986191006655194,20.51439812170208
1542,20.339435010967833,20.14349191839045,20.631955406882547
278,20.391708323830052,20.153519530045358,20.546615500199167
1247,20.363510784089875,20.191857095827093,20.586086708029317
277,20.26309019724528,20.15024890899658,20.49352569580078
1543,20.125675385998143,20.033209954538652,20.351946123184696
262,20.30022231952564,20.13349948058257,20.496706189336003
261,20.338003254900077,20.118828551937835,20.53547785980533
1253,20.287766647338866,20.140935312558526,20.497665567267433
1441,20.305684824518675,20.109816553031965,20.48845794415155
769,20.22418702090228,20.1081160792598,20.467369821336533
260,20.244914943889036,20.11199716794289,20.507681668814968
1264,20.38032286296519,20.178988922473994,20.642427119173746
1317,20.431156720301903,20.18087948939597,20.748037338256836
1318,20.488827657356538,20.188717999904277,20.7521447517889
901,20.319280048068478,20.164140975732597,20.51855578525461
274,20.309495171347816,20.17368350186191,20.478250817938164
1270,20.33912731712014,20.141742523747308,20.53066136577342
27,20.32524763127809,20.146421135112803,20.484143380195864
691,20.39720344543457,20.241354995303684,20.54131004545424
1282,20.351080617597027,20.136188133521014,20.535060684801795
271,20.31127084268106,20.133568050625087,20.481544786745363
273,20.238919839626405,20.06579934096918,20.468622161120905
593,20.36538369315011,20.13566196986607,20.47390741620745
595,20.28210271638015,20.114611592786066,20.444452592696265
681,20.39562398737127,20.169878005981445,20.474663907831367
1223,20.360768181937082,20.132631328463138,20.637987276402914
43,20.15802063661463,20.090982717626236,20.47534606036018
1268,20.3113687608871,20.116932512060995,20.548981537848164
1224,20.29220519813837,20.131689052955778,20.55337609496771
710,20.210950469970705,20.13471031188965,20.456649398803712
1320,20.314655773603736,20.13183608127,20.514951658009284
878,20.404207447200147,20.230477184925263,20.655746603475034
1319,20.338815434773764,20.129893014369866,20.591934536664915
1446,20.30969961065995,20.12731730458168,20.485174161361837
1249,20.36980675362252,20.18840983622783,20.618452618573162
685,20.280120922968937,20.098613078777607,20.434463867774376
268,20.25202488899231,20.09471459388733,20.497936487197876
1261,20.31678397942942,20.14469151463069,20.557959049306017
1225,20.340993426890854,20.12265729154094,20.58498968060097
1436,20.26802412668864,20.10135809580485,20.426578601201374
568,20.292776807149252,20.12035477956136,20.508236440022788
477,20.333571561678188,20.172686133797715,20.514168461476725
270,20.395924917856853,20.18633189201355,20.549111398061118
567,20.17344777337436,20.085716971035662,20.42985383395491
1273,20.397007187493415,20.1870288025561,20.561206227583853
563,20.17753384564374,20.075144535786396,20.474549577042865
263,20.16008994602921,20.02341920078391,20.370031394580803
586,20.348942279815674,20.22074774333409,20.552513190678187
1326,20.340510527835363,20.1080304168597,20.55667178704063
566,20.2515992300851,20.075082233973912,20.37663427080427
269,20.296567848750524,20.10591536930629,20.484167207990374
1283,20.302735944588978,20.123821924130123,20.50917210181554
1325,20.349515177539942,20.10563418791466,20.53896987561098
266,20.35648118532621,20.123746211712177,20.536903381347656
594,20.161953023962074,20.007657118101378,20.362417344789247
265,20.361882936386834,20.190114520844958,20.552236012050084
267,20.27666898359332,20.140358506587514,20.493228109259356
1074,20.285389920498464,20.10372500723981,20.52182491789473
289,20.284673661896676,20.060204130230527,20.421298027038574
890,20.31095146618301,20.14166135925183,20.515907510579062
1055,20.36598180551998,20.1807264578147,20.59085269052474
1085,20.35273784749648,20.19064685877632,20.57292914390564
123,20.36641027662489,20.141334618462455,20.514453464084202
1221,20.389631804518814,20.143871314882293,20.625378848999503
290,20.28572631208864,20.104089449529777,20.42846491565443
1053,20.334258682587567,20.132958243874942,20.588407642701092
291,20.33119645552202,20.125403144142844,20.529751552234995
549,20.22285583284166,20.08490654627482,20.39885097079807
387,20.42014371431791,20.18657922744751,20.557724769298847
1272,20.376272075432393,20.175773468227753,20.579431975183407
1218,20.43309965012949,20.145329881821002,20.692157954606326
284,20.394470805213565,20.19186564854213,20.55704198564802
550,20.054026203770793,19.997175770421183,20.25570992500551
546,20.24168481632155,20.09467701036103,20.409735134669713
279,20.396732144239472,20.111387624973204,20.499158812732233
1281,20.3304421488444,20.081121546427408,20.53887195163303
288,20.266581507290113,20.07291457232307,20.475947071524228
1251,20.368873719911317,20.189406132053684,20.58819286758835
18,20.35660126003517,20.126206209211784,20.533232461377448
465,20.375152887922994,20.173599875375125,20.658187791202845
1039,20.347670287334275,20.15109811980149,20.705036407621037
293,20.295345474691953,20.11275016560274,20.531645578496597
310,20.307588068644204,20.13576388888889,20.50669911702474
386,20.385790751530575,20.18514501131498,20.467373041006233
1222,20.350496346095824,20.135870591649468,20.620282829932446
1215,20.371771337481587,20.14978761710569,20.626898019918475
292,20.370994244591664,20.16266441345215,20.544170379638672
573,20.27060984443216,20.029200228522807,20.454640107996322
281,20.273418613508635,20.122698914770986,20.47923641578824
1054,20.379593145279657,20.209846678234282,20.592728274209158
1217,20.354818530199005,20.14060685692764,20.613765724306184
1041,20.56783123164214,20.21925602402798,20.9097759926966
1327,20.363568023896555,20.1485532303931,20.627191248074382
88,20.31098005906591,20.176224618587852,20.4955449734094
1279,20.26068775133155,20.056602598606855,20.460243948574725
1216,20.27209448928468,20.106143257834695,20.57217138007497
1324,20.34725346719065,20.089221425210276,20.553537208803238
1226,20.308082076738465,20.043067104411573,20.74318961377414
1061,20.083094948216488,19.977121252762643,20.349899693539268
1278,20.339812517166138,20.11044724782308,20.519456095165676
1042,20.3788760023297,20.13270374514022,20.676660537719727
1047,20.35258122148185,20.2342880512106,20.536657333374023
518,20.195465261285957,20.05206368186257,20.39963098005815
1228,20.3212568783524,20.132800059743445,20.58482472259219
307,20.25976137014536,20.114576486440804,20.48882345052866
1450,20.31618318463316,20.15333113339868,20.49556813381686
1303,20.40973908993886,20.179071763378992,20.675899778575022
1322,20.26707893211117,20.089717347125024,20.467492185632768
1280,20.44498768368283,20.195761822365426,20.5943420771006
1321,20.147110907023386,20.017996410395476,20.352831322074735
1045,20.426855829026962,20.176182005140518,20.701583120558
1043,20.448243095134867,20.211818576681203,20.781587863790577
570,20.29743082769986,19.988239288330078,20.45792145564638
1276,20.4008105519856,20.158008630195873,20.596445403030614
1231,20.32392900312269,20.13430333008637,20.566960381172798
324,20.307740020751954,20.142611461215548,20.529441006978352
466,20.3827810240264,20.205605105598373,20.591052192272524
520,20.21355676651001,20.03855276107788,20.513192892074585
1056,20.577560596778746,20.2601339387112,20.908146897300345
1212,20.41078029101408,20.159496959251694,20.630033565472953
121,20.300609871193213,20.06561999850803,20.52704698068124
521,20.21051257589589,20.107057073841926,20.467893517535664
876,20.361139779958883,20.191556898978302,20.563342655804142
1213,20.398606148234176,20.180309962641243,20.627109205795943
5,20.362121975085742,20.18975607485161,20.553866508467337
1051,20.271371321244672,20.150267340920188,20.463611627553966
1232,20.49227097908162,20.105171813727907,20.664572964543883
1088,20.43009221818712,20.156363169352215,20.727433925204807
522,20.27499840476296,20.15891577980735,20.54991843483665
1219,20.420312704041947,20.174369343095442,20.652760077948585
1234,20.41452271597726,20.178640365600586,20.691869463239396
523,20.32891200837635,20.196481886364165,20.550940195719402
1057,20.267470301414022,20.13220031893983,20.705286064926458
524,20.42826787630717,20.24387796719869,20.535227298736572
1323,20.28412510512711,20.116165507923473,20.496616140588536
1235,20.375101830195455,20.161643417136183,20.637398404982484
1089,20.36093556439435,20.173830791755957,20.541794865219682
1453,20.314629161224932,20.175555991417415,20.545665875686588
585,20.406025533322936,20.214134322272407,20.65091190338135
879,20.39190149671249,20.218443489560038,20.60934189075732
342,20.31350197080034,20.11646826558523,20.513537609739
95,20.340392699608437,20.16586669591757,20.52171898805178
1086,20.501685476710655,20.20882414141272,20.80851823855669
880,20.329723957229156,20.135181444621804,20.524375034534902
1090,20.33546845266752,20.12266278489728,20.572925442847136
1220,20.397095267837113,20.150612766678268,20.613548768533242
326,20.377121720995223,20.241114582334244,20.554932628359115
1422,20.448823738098145,20.258907063802084,20.56006685892741
1236,20.42899559020996,20.171340827941894,20.687110815048218
1097,20.349882514197546,20.186003642039257,20.53589898186761
295,20.32432239338503,20.169272244986843,20.530179460169904
9,20.396849607809997,20.171710821298454,20.539632210364708
467,20.32584280504959,20.184795057723292,20.558081437766802
530,20.40768043200175,20.209581693013508,20.53897253672282
529,20.365908342249252,20.16804369758157,20.596688999849206
1229,20.460617845386377,20.158652124794887,20.718490040435224
501,20.445666596696185,20.241972845953864,20.581854846026445
1421,20.277620492979537,20.163416618524597,20.486619993697765
4,20.29019941527987,20.120328184034005,20.490332311619827
94,20.426402525468305,20.177463427456942,20.544170899824664
1378,20.339660599652458,20.12522533641142,20.63982368918026
1066,20.405967140197752,20.225905521099385,20.57837475996751
489,20.310794474714893,20.181331440553826,20.57511892157086
894,20.30313227971395,20.19610865910848,20.532432969411214
1438,20.30163676922138,20.16766122671274,20.553034782409668
502,20.337332916259765,20.175376415252686,20.521517276763916
1439,20.439648684333353,20.157317329855527,20.592650469611673
96,20.3641287455192,20.153762258016148,20.562969968869137
1093,20.327134952210542,20.176104417321277,20.488701324016727
528,20.499808883666994,20.16606731414795,20.623044300079346
102,20.356617576197575,20.163061443128083,20.627296447753906
103,20.42976240678267,20.228933334350586,20.62216515974565
129,20.29574777761521,20.1294334907394,20.61286758257594
496,20.395900827016888,20.20583871284627,20.61281630711526
359,20.54247923956977,20.317075729370117,20.689740965101453
301,20.36313862800598,20.256323925654094,20.588823223114012
100,20.656236849333112,20.274426711233037,20.73318130091617
527,20.36282780705666,20.225064725291972,20.588425188648458
360,20.27742464975877,20.130925958806817,20.546112938360736
68,20.353889176339813,20.15052471738873,20.60569855661103
323,20.393982922589338,20.274935828314888,20.57865008601436
551,20.271843416937465,20.103860789331897,20.5721519075591
1210,20.405079928311434,20.24213746306184,20.613669531685964
1102,20.28714810585489,20.156437406734543,20.5059361360511
557,20.476519350735646,20.255005836486816,20.644973484974987
322,20.50600857204861,20.275050905015732,20.595961464775932
69,20.2983517800608,20.17763340857721,20.549584234914473
1083,20.35156473837608,20.210052710919342,20.57678247877389
891,20.38825214365141,20.221196888574486,20.582900417307034
321,20.440980911254883,20.216134866078693,20.59747568766276
456,20.411773954119003,20.246179853166854,20.619721838955506
532,20.346918287731352,20.16337073795379,20.557044922359406
133,20.216285382286976,20.12339860301907,20.432456000376558
1424,20.33226915059356,20.185519794522204,20.56362736406665
531,20.48524921775883,20.23439394306933,20.654860879620934
320,20.331440140219296,20.145275396459244,20.62782859802246
468,20.406068123108128,20.222952859681698,20.579751513606713
458,20.355759775316393,20.212445381525402,20.509863054430163
484,20.35549295144003,20.187144889206184,20.524212852853243
312,20.368591124011623,20.21339896417433,20.526653535904423
923,20.681814394499128,20.49710404245477,20.751104656018708
315,20.36028866540818,20.213595662798202,20.642318816412065
1482,20.451823370797293,20.229285212925504,20.669429888044085
462,20.38841598461836,20.24194657496917,20.582277787037384
132,20.291445686703636,20.118829500107537,20.516093526567733
131,20.240354118347167,20.153224754333497,20.462617492675783
316,20.576190153757732,20.317429330613876,20.6907410091824
925,20.504410187403362,20.285674969355266,20.662561655044556
1095,20.318000201521247,20.17113284406991,20.493910066012678
926,20.434726861807015,20.247160838200497,20.665893481327938
317,20.472807509558542,20.234286410467966,20.627586671284266
927,20.511542355572736,20.346824222140842,20.656530804104275
114,20.38701787488214,20.209155773294384,20.58762366196205
314,20.300497492927523,20.139875270977093,20.551172842775337
1076,20.31980277831296,20.228276562977985,20.631334948252483
515,20.308001125560086,20.17391896715351,20.47251422732484
135,20.502654434095884,20.257105698822237,20.65644900004069
112,20.396688245957897,20.226518323344568,20.574856081316547
74,20.37228291533714,20.192578426627225,20.55822350258051
2,20.520898420160467,20.30063667297363,20.655617349798028
1336,20.400915636773405,20.22924829232469,20.598772775072195
538,20.26254419962565,20.188133850097657,20.497340138753255
482,20.286702525858978,20.17708918513084,20.4490753485232
552,20.368772881371633,20.213459048952377,20.55982494354248
537,20.320343769771952,20.207057415599554,20.540504643614863
1304,20.305809115616523,20.19506375285415,20.551047178223612
137,20.44196568178327,20.18835845690095,20.635920192418475
1417,20.38684087767637,20.213904488355592,20.61444586560242
493,20.348951046283428,20.180950531592735,20.451025082514835
1104,20.25927461160196,20.17382781570022,20.499037768389726
461,20.34701988913796,20.20050538669933,20.561850200999867
535,20.361499348202265,20.217400009567672,20.670016675382048
1415,20.49096291323742,20.231803825102656,20.714659242744904
3,20.38442912690845,20.226019150171524,20.580299332981067
1488,20.345331681080353,20.190811841915814,20.559560286693085
136,20.41616157249168,20.247364185474538,20.584676177413375
554,20.47104387697966,20.225523768991664,20.68887862606325
556,20.41771832827864,20.250319250698748,20.626420974731445
1470,20.353771664202213,20.223262064158916,20.627419359982014
440,20.332886331221637,20.184359326082117,20.530656085294837
873,20.33772502122102,20.20920020562631,20.56960428202594
1099,20.288155757597764,20.159860962498797,20.53917576448761
1182,20.214718046642485,20.14889026823498,20.358184541974747
8,20.423748482105342,20.201756469963133,20.576822221741196
109,20.522599628993444,20.287466594151088,20.61233929225377
583,20.194957766616554,20.13852554455138,20.336828466047322
306,20.309351029603377,20.12309509774913,20.54491557245669
117,20.33026543179074,20.172447075714935,20.640923525836016
341,20.477402687072754,20.275485515594482,20.63553810119629
128,20.370999663216725,20.19835286821638,20.644878114972794
119,20.381578822930653,20.196211099624634,20.606339553991955
584,20.202721737049245,20.148534774780273,20.432601540176957
1080,20.40320839200701,20.21135377883911,20.638057572501047
513,20.29108090834184,20.222756761493105,20.45662651639996
127,20.444633876576145,20.20423718059764,20.624363955329446
1079,20.346452031816757,20.2075229372297,20.519988332475936
1136,20.28488322227232,20.163944244384766,20.439170714347593
339,20.629784027735393,20.311103582382202,20.79568648338318
338,20.46525086296929,20.316360367669,20.574091487460667
512,20.31141443510313,20.19439189498489,20.457606135187923
1077,20.475874855404808,20.297168095906574,20.67820712498256
337,20.493871688842773,20.269596735636394,20.65070237053765
542,20.294906836289627,20.180559476216633,20.439064563849033
303,20.412118434906006,20.190697706662693,20.705343283139744
118,20.418253592557686,20.201312779271326,20.653292349881905
336,20.45968017578125,20.273750209808348,20.678485679626466
1208,20.450943538120814,20.207335937590827,20.600549811408634
1471,20.450060497630727,20.26806501908736,20.596866087480024
116,20.37432203870831,20.198076797254156,20.59199060093273
1211,20.327260331674054,20.171590479937468,20.493202691728417
492,20.334362824757893,20.15123176574707,20.469353199005127
377,20.266136298308503,20.177104846851247,20.630415839117926
1179,20.3226490347726,20.179551903860908,20.43467168535505
335,20.5780394417899,20.241050720214844,20.79866681780134
1364,20.417368013031627,20.19027651572714,20.574276943596043
514,20.25265507698059,20.142872071266176,20.411538529396058
1207,20.291019243182557,20.15522424331819,20.45548807009302
1333,20.286301592121955,20.144251087437507,20.432327519292418
333,20.384077335226124,20.213217702405206,20.519913837827485
334,20.433546202523367,20.180137171064104,20.632653863089427
1362,20.30603003501892,20.14379596710205,20.513816356658936
1401,20.370624843396637,20.222470116197016,20.596093495686848
115,20.371129153067606,20.202574278178968,20.6014489023309
452,20.305847440447128,20.159603810572364,20.453731997982487
1400,20.30188785899769,20.188599152998492,20.481917410185844
328,20.323233315438934,20.12238548741196,20.600599722428754
930,20.23561061648872,20.073177112369088,20.469749585850032
1134,20.292348388239002,20.16924586194627,20.45443338705293
1476,20.349130777212288,20.176075568565956,20.42770613156832
1359,20.347670846515232,20.185322602589924,20.456421242819893
1354,20.35564272403717,20.197513628005982,20.49732036590576
453,20.34989175796509,20.164193515777587,20.476632747650147
7,20.313067546188268,20.18718011347693,20.488260791973264
329,20.310795766657048,20.180220153115012,20.603341119939632
1205,20.36197538864918,20.18479726253412,20.587648281684288
1356,20.322740698373448,20.185369758195776,20.471539528139175
1484,20.284865296405293,20.130815008412238,20.564954550369926
327,20.245691674096243,20.092207772391184,20.47499414852687
1357,20.282550366719565,20.16126170688205,20.42707913716634
834,20.283338018210536,20.13073489177658,20.516443539814777
424,20.254048021533823,20.105150778082354,20.38939080057265
355,20.31534945446512,20.13001475126847,20.574796137602434
423,20.232581878195003,20.07857725571613,20.349490048934
1110,20.34466960595089,20.20206867673862,20.553726604149777
833,20.306253529194766,20.114946005479347,20.4831718348857
1475,20.345526797712342,20.173723168281157,20.511464326506477
829,20.235067664678372,20.127384837548338,20.498591629104997
1202,20.26245892949465,20.141741600357182,20.40022300271427
442,20.283651109011668,20.041752770261944,20.525819688473106
426,20.286717331200315,20.10514634115654,20.388041278772185
353,20.392048474015862,20.150112283640894,20.53424440581223
1367,20.40226721407762,20.25975685688987,20.550898694280367
1371,20.422687913904237,20.265755418557017,20.540115596061973
1370,20.39727598912007,20.231336683840365,20.535256527565622
1204,20.39414740365649,20.2253508037991,20.511810681176563
1366,20.53492901776288,20.337006955533415,20.614594330658782
1129,20.318225916694193,20.136506996902764,20.548623627307368
1111,20.267680543044516,20.147199433425378,20.438125399885507
1372,20.35788107330586,20.210221392276996,20.49255461789002
371,20.266563218215417,20.083765950696222,20.549896174463733
1112,20.305589240669406,20.14906650261591,20.532925695380907
1393,20.415756036569405,20.295163249110317,20.50564044230693
384,20.234346409433897,20.069004471769038,20.539969729394027
1373,20.354621549447376,20.209853529930115,20.499254496892295
349,20.449219131469725,20.163040924072266,20.51040687561035
382,20.31786847114563,20.045669521604264,20.546419654573715
575,20.248828270856073,20.13105505775003,20.436877576042622
366,20.348058167625876,20.158730815438663,20.567510941449335
348,20.485257212320963,20.231647109985353,20.529347737630207
370,20.20450139928747,20.072731018066406,20.533088189584237
381,20.23662705854936,20.090773380163945,20.568188465002812
379,20.292624727301643,20.0971933417364,20.584190386150954
919,20.31927258780833,20.122403455584237,20.45508357558804
152,20.35483028442879,20.14502722267213,20.615392018139847
1392,20.36127566461978,20.246482368137524,20.457830196878184
1351,20.299775906971522,20.179640855107987,20.470054575375148
1353,20.32140523737127,20.200219371102072,20.516417850147594
1369,20.27190456523762,20.177256284060178,20.434819521603885
380,20.180495082468227,20.08621987052586,20.551537665767945
148,20.358285755407614,20.118204187174314,20.557979302328143
1119,20.328240365693063,20.151001496748492,20.530387849518746
1130,20.477673503330777,20.105673926217214,20.65113503592355
1376,20.438661396103416,20.261685774630347,20.533278906905412
1173,20.261082069546568,20.158045563043334,20.557984782200233
1172,20.26696616631967,20.149731936278165,20.568537447187637
1472,20.280303444561017,20.122483093942407,20.451066495760667
832,20.291246065726646,20.04694676399231,20.521791476469772
1352,20.26242442753004,20.160907620969027,20.446743902952775
1391,20.38925368569114,20.227417026866565,20.458111537586557
1465,20.233564058939617,20.076725549865188,20.44671711168791
1174,20.241112483366756,20.12853526341096,20.467171137569515
445,20.314196208916087,20.153825835426254,20.516305101980077
1394,20.409737812653752,20.232134010955576,20.523041222841684
1198,20.496404802477038,20.248170337161504,20.63165674982844
1113,20.23818835132527,20.119242009576762,20.47037067773207
1118,20.349488910153614,20.134966459205682,20.556064413605835
356,20.13630813598633,20.00299346923828,20.426494598388672
1186,20.249182971018666,20.11893296391709,20.45008995248087
1531,20.39302220260888,20.285827302096184,20.506876694528682
1385,20.358919747985237,20.198225361285825,20.49192224634756
1386,20.310330035639744,20.196581316929237,20.45899480931899
1377,20.310095186586732,20.181356563489622,20.481369230482315
1382,20.266380571963182,20.153233251998675,20.406083793070778
1532,20.413245677947998,20.27279629914657,20.520980897157088
1349,20.233759487116778,20.14744680899161,20.37894763328411
374,20.221745564387394,20.072020824138935,20.534766564002403
1120,20.193179781474765,20.09488420637827,20.453577344379728
1126,20.189724445343018,20.100258855258716,20.421000620898077
1387,20.370195204953113,20.19710216752018,20.48592763923737
1533,20.411070051647368,20.296243622189476,20.49800000871931
1350,20.241358766101655,20.14180141630627,20.460457720075336
1540,20.48283272489495,20.283080074765266,20.600922873260778
405,20.21479614011703,20.06491547861407,20.542692504390594
1539,20.507032457987467,20.309693230523003,20.607178709242078
404,20.228395179465966,20.083243476019966,20.63713660063567
1197,20.288235417912514,20.140267532862975,20.543873004699023
403,20.275162610140715,20.0986310785467,20.596199266838305
1338,20.245802309975694,20.136029129597677,20.41010916410987
1547,20.229174999529096,20.110638559149784,20.350493061485473
1347,20.17675832718138,20.113674799601238,20.35121039738731
1381,20.22629663183334,20.13002269420218,20.359463667362295
1559,20.336702139613728,20.204913587235033,20.478420525694045
1345,20.390259742736816,20.190918335547813,20.4666418662438
401,20.12221280539908,20.02370327274974,20.495685019144197
395,20.16580713298959,20.05717449456873,20.449856261132467
446,20.158647294137992,20.08028443654378,20.42451286315918
474,20.306604305903118,20.11565860112508,20.469007432460785
1565,20.30719316771833,20.16767461624734,20.426764583832806
1348,20.21473873311823,20.116470623016358,20.333748071843928
1344,20.238393715449742,20.15922839300973,20.38949135371617
1190,20.17335003237181,20.077322078656547,20.338475336002396
1544,20.203325753373974,20.075272124838442,20.33201620532984
1516,20.181964686755578,20.077681979459186,20.306916440503755
1196,20.272338133591873,20.13460493821364,20.48427466368064
392,20.15784112930298,20.037121086120607,20.451640491485595
1341,20.238668014263286,20.137743193527747,20.35695661347488
1342,20.232549440293084,20.150762648809526,20.391250973656064
364,20.29536435573916,20.11233397375179,20.46740169766583
1343,20.249322652816772,20.149720362254552,20.459791558129446
581,20.38779768736466,20.179812265479047,20.63237347810165
369,20.186376970108242,20.0216323839475,20.382139623981633
368,20.149001578762107,20.01198846999913,20.395329756279516
1584,20.27285484769451,20.16893976126144,20.39834876558674
390,20.204307033902122,20.084168127604894,20.488925252641952
1583,20.2185148203148,20.140304709380526,20.408430495352114
397,20.08980297397923,20.01416237289841,20.400545017139333
1335,20.12364093235561,20.02929308755057,20.264554977416992
808,20.364354977842236,20.154990196228027,20.53630783518807
1125,20.21474533989316,20.099735577901203,20.35757848194667
421,20.13592073755357,20.045028677264465,20.5133833838898
107,20.293732474831973,20.072827329822616,20.4649582750657
420,20.16191408267388,20.04889346086062,20.490888091234062
419,20.10090795023187,20.028818575863912,20.397891126913468
1139,20.115459298488982,20.018771175560094,20.31000032784051
1515,20.145520413932154,20.04677908299333,20.329488418061853
80,20.368314611500708,20.13130128794703,20.53754970945161
82,20.272516795567103,20.05851423399789,20.44823842048645
108,20.2893452445666,20.101992070674896,20.487028618653614
416,20.24467298957739,20.06580230627167,20.415347602929963
1576,20.248809111745732,20.158953365526703,20.35201675013492
1175,20.162598130714834,20.015561886687777,20.287685356329924
1138,20.22845969648443,20.02899440944704,20.427940959604378
415,20.194125814998852,20.034897972555722,20.39341313979205
1517,20.23217694317853,20.10899210329409,20.360376343903717
1555,20.223657734346705,20.10491798097724,20.330956781147332
1566,20.314226295374617,20.17330882398388,20.445060845870007
917,20.114827668433097,20.00219789392808,20.40765760085162
1519,20.078263982137045,20.014867740207247,20.163018968370224
412,20.087989415877903,19.96625122657189,20.252495252169094
1184,20.066100944172252,19.981853355060924,20.169546214017
1521,20.212003643302833,20.0929517250836,20.321102426498793
1312,20.144782718859222,19.99987301073576,20.246556783977308
1334,20.16414754679709,20.04228552904996,20.3032154675686
1185,20.02256764994039,19.95565587824041,20.153720446995326
1571,20.14386311050289,20.048626805139968,20.289084418746064
1536,20.071999427599785,19.96225369282258,20.246961006751427
1522,20.071034121823,19.982433591570175,20.189188053081562
1526,20.04375547351259,19.95916852084073,20.126444151907258
437,20.175141418872236,20.020427574105813,20.58084739633158
1523,20.10188861687978,19.976240475972492,20.270534733931225
449,20.116870942458608,19.984772090039222,20.40972446616179
1195,20.043824112789142,19.954894939781482,20.180812928734756
432,20.16681739262172,19.962751661028182,20.61064679282052
1194,20.03989108889384,19.957739609297708,20.159925044363764
1580,20.149685090800883,20.017517571630776,20.248765608843634
1537,20.076315523841963,19.963388513310164,20.224438706850677
1604,20.20063241322835,20.057311724993138,20.309415387172326
920,20.188206759743068,20.044592600283416,20.444963596178138
436,20.16417748587472,20.007242236818588,20.410279035568237
428,20.33861988988416,20.091380809915478,20.400970722066944
429,20.29726505279541,20.0185395396033,20.413726296535756
1152,20.202203345298766,20.00194592475891,20.358526134490965
434,20.12130414644877,19.980461645126343,20.49760389328003
433,20.125863393147785,19.961246592203775,20.469931513468424
1574,20.076761389678378,19.977636103360158,20.17808788227585
910,20.22634881353744,20.009401218970414,20.437581772084737
1147,19.98958876473563,19.951824878510976,20.101196652367
1154,20.08603572845459,19.95837074976701,20.295435529488785
1524,20.070810552888315,19.962348731280546,20.244565061747736
1151,20.11152453382476,19.968220782881023,20.396274342256433
1598,20.05121038780838,19.96267948775995,20.185684204101562
898,20.280712207158405,20.01323326428731,20.38189164797465
1538,20.149994055430096,19.980156315697563,20.336663987901474
1599,20.09179298741043,19.989235580347145,20.259267248165834
1591,20.078935962253148,19.960955344306097,20.18529264662001
608,20.029830483829272,19.952282681184656,20.26493033240823
1592,20.05157142324546,19.97107281635717,20.171814810369433
600,20.035509310270612,19.953706540559466,20.187508097866125
1594,20.090435557895237,19.977952745225693,20.23901632097032
1593,20.15764749967135,20.004893963153545,20.233709041888897
601,20.102240085601807,19.96671451221813,20.238423217426647
1588,20.12214322090149,20.0134539604187,20.259258270263672
609,20.019376754760742,19.95421012242635,20.23249093691508
1153,20.112390644458944,19.97435703344046,20.349869711473843
1589,20.14155605861119,20.017648515247163,20.241472743806384
1146,20.061959378262785,19.97557700948512,20.21174170108552
1601,20.037448351500466,19.959897807387055,20.183891671602844
1602,20.100438592372797,19.998534774780275,20.264196200248524
1597,20.105938555830615,19.999657711740266,20.209166122695148
1148,20.09488989788553,19.963868315323538,20.182413980235225
610,20.055463625037152,19.95158925263778,20.342334332673445
1596,0.0,0.0,0.0
911,20.10079672914114,19.975790213353886,20.312331454354045
1163,20.05826589144193,19.964821771474984,20.239657915555515
612,20.114916308172816,19.95694482737574,20.322401638688714
1176,20.0646915435791,19.955762284377524,20.403992712086644
614,20.202664375305176,19.9618500419285,20.414841237275496
909,20.22220059385394,20.0504942865655,20.47806574377683
1160,20.11337994720976,20.009696507858017,20.28929768578481
1159,20.083954996137475,19.98916933429775,20.28586777644371
1191,20.075662877437843,19.983134290597736,20.19978012307717
905,20.33795849815671,20.099028229435564,20.51806571266868
912,20.209920707501862,20.051191962392707,20.424097136447305
915,20.104674299793132,19.968659914456882,20.329451916485848
862,20.261760648790297,20.040965447059044,20.402584977202363
1157,20.212703069051106,20.037719779544407,20.380679660373264
1166,20.066571718038514,19.98370756104935,20.244009234184443
1158,20.210778451734974,20.02559212715395,20.34921676881852
1156,20.12138885106796,20.02352704757299,20.335884192051033
1548,20.14900988170079,20.049377952303207,20.25756228991917
1155,20.12338357813218,20.03300375096938,20.307227359098547
1550,20.163702258626923,20.011957095779536,20.32493461725366
1551,20.164692329148114,20.039634736917787,20.324803869603045
1553,20.055045664310455,19.988825917243958,20.12166142463684
865,20.323188874029345,20.068635079168505,20.580793180773334
864,20.448218879349735,20.10832860054226,20.618426926639103
1142,20.171205066499255,20.058525948297408,20.24751935686384
913,20.143617412779065,20.036845652262368,20.300980938805473
942,20.43598930281822,20.191226188582604,20.561793818618312
604,20.416442414634247,20.282680103921482,20.632876094589886
951,20.493160652903327,20.262082741323827,20.681401126152647
938,20.42720535879808,20.21561347993083,20.666101503174335
941,20.407985659206616,20.230212099411908,20.678213736590216
1495,20.43194365919682,20.30409334416975,20.680261846174275
647,20.4151530121312,20.122096957582414,20.668909188472863
620,20.45605658501694,20.23353892257533,20.645472792006032
957,20.414104651674002,20.18556258687571,20.57813895068406
642,20.479596773783367,20.26377010345459,20.62798942459954
196,20.38182509414793,20.237488679059847,20.613966213436576
960,20.48352325393493,20.240626496004772,20.679857035717333
962,20.423074772483425,20.198880346197832,20.60094535978217
638,20.473940124511717,20.26010892868042,20.65027540206909
1380,20.371172004275852,20.24054193496704,20.562065610179193
173,20.450942803692342,20.300364728005516,20.615862814795893
965,20.42219622789231,20.26941225170034,20.633844257456012
176,20.450789478846957,20.230794852120535,20.579430607386996
197,20.29415987977887,20.139878055836895,20.52517065671411
170,20.419289225155545,20.19495132288982,20.59123094303092
198,20.36518882302677,20.193648170022403,20.58672498254215
975,20.36530272960663,20.174845091501872,20.56186358133952
180,20.37416554619284,20.187198414522058,20.548745346069335
846,20.39911222800934,20.225061793979123,20.552681909190664
184,20.390713598875873,20.14323767940555,20.565573059352097
977,20.3133243170891,20.159929649605935,20.522147874147194
155,20.375093278430757,20.141522657303582,20.582570666358585
183,20.46596278463091,20.305296216692245,20.609422819955007
982,20.26644401550293,20.14472946166992,20.467594146728516
983,20.329724566141763,20.18939946492513,20.427245330810546
1498,20.324489161916024,20.1802544976673,20.552403930329927
984,20.31807839870453,20.140576124191284,20.508124113082886
988,20.415590455001546,20.223450908712024,20.60525637976925
207,20.308587392171223,20.144519923283504,20.54747513991136
1501,20.45606931385241,20.247431333441483,20.649105112176194
649,20.44722058222844,20.247772510235126,20.570472974043625
1302,20.206630643208822,20.11651865641276,20.41918315887451
1502,20.441796798332064,20.235400985268985,20.633342733570174
187,20.278047227859496,20.12744812965393,20.51909966468811
1295,20.489151367774376,20.333347137157734,20.60706773171058
1294,20.529142532348633,20.31622917175293,20.63886863708496
652,20.3585960125101,20.246023868692333,20.594139954139447
1503,20.488697818201832,20.24996122811255,20.703005896674263
189,20.45564372722919,20.268753125117374,20.60275620680589
10,20.38273329328197,20.191736063599894,20.597376589319193
126,20.420457729926476,20.16945543197485,20.57290282157751
998,20.47703990482149,20.241671437308902,20.685377915700276
860,20.432527542114258,20.24947660940665,20.556171558521413
999,20.421527882732413,20.207819691410773,20.594599789412563
167,20.3808530464332,20.145788839172617,20.59201721766005
204,20.129138599742543,20.061351544929273,20.43582991397742
889,20.46897930774874,20.272226759530966,20.66024617315496
1505,20.50517945211442,20.254316611368147,20.64096025560723
141,20.32356122513892,20.153983989232024,20.47772165755151
143,20.240856260061264,20.110073387622833,20.401445657014847
144,20.295259714126587,20.118124842643738,20.539735531806947
651,20.379448042975532,20.23003062495479,20.56410464534053
145,20.275971235230912,20.101537172184432,20.453994950582814
1012,20.42677619934082,20.198666877746582,20.61102045059204
1013,20.422525675791615,20.209258025547243,20.595828074329305
1017,20.37735263120781,20.177222859898045,20.562858680305357
203,20.268128410975137,20.095359007517498,20.48078816731771
779,20.42420053270128,20.207726754082575,20.640794864230685
813,20.168508277219885,20.02730380787569,20.34905500972972
1560,20.38389030415961,20.176684866560265,20.552713150673725
1024,20.35177791327761,20.174139608416642,20.546920530977307
1027,20.39589247552518,20.198819708500512,20.548268568461836
227,20.3462827277906,20.215270880496863,20.530035423510004
755,20.324722983620383,20.160153822465375,20.566093261229163
1020,20.39955150314242,20.18816105803551,20.59754899231314
741,20.35779920481317,20.15708950880669,20.527231925460416
1021,20.340599619109057,20.14481240853496,20.51137681939136
218,20.23487653230366,20.065812930726167,20.45776032564933
1564,20.353214866236637,20.15459038081922,20.600434604444
1028,20.31781665758155,20.10045946055445,20.571558985216864
1033,20.287264413673785,20.1052392927628,20.51634060737141
814,20.315257796824305,20.16596209416624,20.497341343613922
219,20.36692290212594,20.130545560051413,20.599227718278474
244,20.43436727718431,20.201407685571787,20.523960502780213
588,20.349089045583465,20.085651951071657,20.468740227781694
258,20.355724101596408,20.15019948747423,20.528802575005425
242,20.313842244895106,20.08877853025873,20.445373351315418
257,20.270523908661634,20.128509040770492,20.494344602755415
590,20.173354078222204,19.962411668565537,20.342350076746058
239,20.23085142531485,20.098470238019836,20.435786229259563
238,20.19118830622459,20.077307292393275,20.44278335571289
1072,20.36242091802903,20.21340655103142,20.55169924983272
1073,20.404739568108006,20.18556082876105,20.6877475035818
251,20.317801399836465,20.17737394665915,20.50002085973346
1257,20.313272025110113,20.12927765375631,20.543138145290495
1485,20.331532592447395,20.16747985742031,20.505018087533806
1255,20.29972577659033,20.133667127547724,20.524752389231036
1259,20.305434816788328,20.124033174174887,20.55131294442423
1241,20.33851117354173,20.17276433797983,20.50753277998704
1486,20.306929655677767,20.143162128207408,20.480434914060684
272,20.186131690312358,20.079853872651036,20.429646501263367
877,20.39206902714858,20.196587654009257,20.619773435499337
497,20.378216503920715,20.18837904365142,20.58287475911362
90,20.394552957761537,20.18170435445292,20.531031728624463
83,20.38440221384031,20.17007416541423,20.54476897213437
92,20.40621873104211,20.143780795010652,20.54285159255519
569,20.40641265079893,20.108219672893657,20.555995119029078
874,20.335647892068934,20.146433759618688,20.546244268064147
902,20.400699521055316,20.203063001727113,20.590084283658772
1447,20.29979147778207,20.11380112946218,20.50488869398371
21,20.378005749970963,20.17134363674423,20.536834244589205
479,20.37856840493416,20.201510215569222,20.55522387901659
264,20.347686689727162,20.18384649315659,20.508717789941905
495,20.38053774107196,20.20679050139113,20.61143970753678
875,20.44093181734396,20.199012177928648,20.587281262964233
87,20.294002007747043,20.111898795418117,20.477883380392324
1230,20.363228646191683,20.134412705898285,20.620575390078805
1063,20.166450023651123,20.046842806267016,20.377173813906584
547,20.190411177135648,20.0512212117513,20.42728714715867
544,20.3442700992931,20.116020917892456,20.501723896373402
280,20.346705925173875,20.173698285730875,20.548665953845514
1448,20.28506023431915,20.12566859426062,20.47525580412422
1064,20.304710210998202,20.0905042346058,20.469212776976207
596,20.170402581351144,20.01862324305943,20.467687497820172
309,20.26382737689548,20.142040676540798,20.50197097990248
597,20.17608776092529,20.02311145237514,20.419601058959962
285,20.30423885843028,20.132611012113266,20.540351259535637
1227,20.21628861200242,19.97487349737258,20.495805831182572
124,20.39284288122299,20.166431873402697,20.537421145337692
308,20.362958463033042,20.13964246114095,20.577900060017903
286,20.318964618470023,20.10350780732642,20.50613363208689
63,20.35758525303432,20.139601407732282,20.476805659702848
519,20.279378981817338,20.073985236031668,20.53318169003441
1214,20.3846448781539,20.125500075671138,20.667659980099216
929,20.374165470906732,20.197747060296173,20.59225423596871
571,20.308565457661945,20.05841525395711,20.53758970896403
1233,20.37080304924099,19.983039779224615,20.65229278871383
1277,20.46770078485662,20.272406651423527,20.63744969134564
574,20.163742754194473,19.98576063579983,20.407254536946613
1092,20.25645300202769,20.09807550965859,20.485961265751882
86,20.34967623258892,20.14829417780826,20.562094828957004
1091,20.336212989387164,20.14842956437977,20.513673703604884
675,20.33243161637262,20.12623536823601,20.571163303804713
1305,20.435832220660753,20.222958478060637,20.693976244650596
1087,20.44879493713379,20.211197370641372,20.732048707849838
296,20.254241605348223,20.10867548592483,20.476393953154357
1103,20.34102321632855,20.164225932645696,20.600790485454972
476,20.386844976161555,20.222554493725784,20.576948181400454
297,20.402594089508057,20.211904634128917,20.591743881052192
525,20.32914361499605,20.199249085925874,20.53874975537497
298,20.2714527612445,20.142484314140233,20.51907651177768
1069,20.37810629186496,20.189945113491003,20.566852596444143
503,20.38233093988328,20.16960371108282,20.630562555222284
300,20.374378796920034,20.181043587842034,20.63804369065368
526,20.426386686471794,20.218008774977463,20.663487837864803
490,20.43298586065119,20.26618589921431,20.56531115445224
97,20.48265064272106,20.222024542653664,20.6627438537076
313,20.466052388035973,20.241736744725426,20.608803283336552
311,20.375327609834216,20.254221779959543,20.605729057675315
469,20.420112569424795,20.196797596692196,20.55369668967311
318,20.445508003234863,20.244658946990967,20.635042599269322
438,20.511442377212198,20.322800889928292,20.678143886809654
924,20.596639026295055,20.36030691320246,20.731103897094727
319,20.28163585662842,20.1325722694397,20.65086030960083
457,20.350951526298033,20.181219256487015,20.475259920046565
113,20.38335521885606,20.1793791661497,20.535351393652743
1,20.305621301560176,20.185847781953356,20.543844059535434
928,20.424315079398777,20.27935152468474,20.610783701357633
553,20.31483176549276,20.16843423843384,20.522208468119302
555,20.346703661405122,20.21155788715069,20.58250858600323
1337,20.378080705801647,20.214635097980498,20.569771504402162
1474,20.284274159215432,20.168604244843372,20.421539443632515
1463,20.38754664494441,20.196154521061825,20.57119728088379
441,20.4207598195089,20.19371097159321,20.566571809940182
1411,20.469865829963993,20.237176709058808,20.71814586670418
1414,20.508145372491136,20.340127924868934,20.698405908283434
140,20.554929351806642,20.2455078125,20.648083782196046
871,20.32116791357036,20.190794305392366,20.54961516679544
139,20.37492971420288,20.239333629608154,20.601193809509276
1437,20.34766157049882,20.196357425890472,20.607403504221065
1098,20.309518871450784,20.207629856310394,20.570310549628466
1332,20.24116605122884,20.15530637105306,20.39453716278076
1404,20.354923209888025,20.174750488076434,20.579399224095695
150,20.3369327936417,20.18623739389273,20.63738825871394
1363,20.484645048777264,20.206033759646946,20.68600230746799
517,20.33538101196289,20.15759745279948,20.48093546549479
1361,20.460867869059246,20.233859481811525,20.585956192016603
134,20.43062479496002,20.18500671386719,20.606257367134095
1483,20.34445774311922,20.16431419216857,20.632409193077866
1358,20.316049621218728,20.198493117377872,20.42928273337228
1082,20.259535185496013,20.124707656436495,20.525057718488906
425,20.219409779139927,20.0734404700143,20.337743241446358
354,20.41132098978216,20.140056783502754,20.549305135553535
809,20.31544186472893,20.134661561250688,20.475795996189117
1397,20.39758951910611,20.256106036832964,20.50859935804345
408,20.27962875366211,20.110326355901258,20.596774643865125
153,20.421058807373047,20.178265838623048,20.604421783447265
1473,20.234803181966146,20.086043548583984,20.445609296162925
352,20.441892623901367,20.219488525390624,20.72492370605469
1464,20.334355374600026,20.136539572857796,20.547403660226376
454,20.244510431047104,20.080157820000707,20.451318217409025
1398,20.42617552384086,20.245092955879542,20.524586287788722
1209,20.387806838989256,20.214711380004882,20.525729995727538
1399,20.412771983024403,20.278317402570675,20.514547396928837
351,20.39619016647339,20.201130867004395,20.580648183822632
1203,20.354293232470486,20.223777433412266,20.46647073526298
350,20.321764772588555,20.20280023054643,20.5156530900435
1365,20.372265243530272,20.247164055153174,20.494947405214663
1390,20.401814148415646,20.250235145269002,20.487881448071075
385,20.210928783416747,20.090440521240236,20.565112895965576
1368,20.268281767968418,20.160892590373553,20.452085767473495
1114,20.22142552220544,20.13099453061126,20.462695099586664
347,20.351619561513264,20.193507194519043,20.54327122370402
487,20.316136016845704,20.157245056152345,20.553306381225585
1200,20.276190135789953,20.136189585146695,20.429614046345588
1388,20.356398006280262,20.227670113245647,20.50892796119054
1131,20.37311363220215,20.171228832668728,20.54104497697618
367,20.41558783958698,20.172275872066102,20.547444389606344
151,20.35007908116633,20.13015026303392,20.551596032914205
149,20.37214469909668,20.105220314200597,20.573844232632002
345,20.22799129486084,20.0811824798584,20.41612434387207
471,20.184988066113952,20.077218474215094,20.331712875688126
869,20.223722137388634,20.10983241190676,20.422100043687664
1529,20.304740104675293,20.200813980102538,20.389303512573242
1128,20.18884789943695,19.971965591112774,20.488536576430004
870,20.300121573337996,20.131384534189902,20.49038876385328
1199,20.29716761452811,20.145219475882396,20.457789639064245
1384,20.382323804108992,20.19615167811297,20.486360881639563
409,20.290067195892334,20.14096124966939,20.509311040242512
473,20.182501041783695,20.083118995734022,20.396214679279158
17,20.378357621632755,20.106834942891716,20.53963001895713
365,20.423316535949706,20.14716974258423,20.575437440872193
1541,20.39736354594328,20.263824696443518,20.5151681705397
1127,20.184730786543625,20.108898382920486,20.479627976050743
402,20.20862579345703,20.075837023117963,20.51339070937213
1171,20.222690790349787,20.09023246765137,20.41259668523615
1496,20.221376747213384,20.137190516277027,20.358925183614094
868,20.148794000079523,20.05496420800933,20.276838587527454
1528,20.140372543718346,20.044309215449807,20.286317712218317
400,20.14445187063778,20.058790431303137,20.51106980267693
1170,20.13028785448034,20.06594399560856,20.234167139238448
399,20.163974436318004,20.056554468666636,20.473832432816668
1567,20.28756957151452,20.147938086062062,20.41639131429244
451,20.12298694690624,20.041713681254354,20.421718117240424
1585,20.281504737006294,20.178183873494465,20.40365149482848
1569,20.16058636057204,20.044992246489596,20.2943706581558
472,20.143740982305808,20.0684941088567,20.261093014576396
1586,20.206475513082154,20.09269254979953,20.32132232021278
417,20.199171509541255,20.059379510476557,20.44241929390061
1570,20.234694459097724,20.07714001246861,20.371488451276505
1189,20.094939907177075,19.984852125837996,20.210634984196844
1578,20.161980330739233,20.048094038291485,20.268935380522738
1575,20.203962371462868,20.103353454953147,20.33306730361212
896,20.321090507507325,20.1141149520874,20.454158782958984
1577,20.13567029308359,20.00507238766873,20.264326085612332
414,20.137280110959654,20.028339739199037,20.305825763278538
1572,20.174752825379635,20.046561209431243,20.292121806853096
1603,20.219778582346525,20.070752116416,20.339853815037568
1124,20.136246412228314,20.02249134096325,20.373169157240127
413,20.16350223834698,20.003085532555215,20.329776529165414
411,20.042582111973918,19.98333598721412,20.36566691244802
410,20.047202428181965,19.98747952779134,20.3542727515811
867,20.128251940475227,19.968241640529072,20.359120900972727
1556,20.200131607055663,20.052172088623045,20.301552963256835
1178,20.243779591151647,20.08407849850862,20.393212525740914
599,20.28547244735911,19.98812243304675,20.440846920013428
1187,20.001553760875357,19.95276386607777,20.122412012273614
577,20.007820157443774,19.95600414276123,20.384842367733228
1545,20.07503617787837,19.96194953664708,20.2451806290451
578,20.137301268715635,19.9700175499863,20.35660609901615
430,20.067750804564533,19.953437286264755,20.411422112408808
1150,20.05999890789715,19.95611526455942,20.307872938797463
906,20.099155206391305,19.959513068921638,20.363446472630358
907,20.03501564401095,19.95607268536677,20.264332092785445
613,20.170825454759303,19.997606905350775,20.38597307145966
914,20.0543903149433,19.962856772523487,20.25325422701628
1554,20.09576360157558,19.963461548941478,20.231834942953927
1164,20.06529008169023,19.977573194957916,20.226966718643432
1162,20.05195872884401,19.971797459562058,20.25998249859877
1161,20.083979915170108,19.990283909965964,20.24284584382001
1169,20.05901794963413,19.956466144985622,20.213286108440823
908,20.177967896698213,20.024486027710825,20.42175430270797
1193,20.09537937271763,19.986366621205505,20.24336374309701
861,20.260918335896342,20.050923848060812,20.47990818681388
1192,20.061918136176715,19.978122133727467,20.22462725858076
598,20.28793559496916,19.98730449435077,20.56543062910249
1549,20.147488647561655,20.054241073406963,20.309520822153626
1552,20.159888984882727,20.04717642860075,20.30023686231765
1141,20.253492477092337,20.08292985469737,20.459808552518805
973,20.447232466477615,20.24421926645132,20.581368862054287
1002,20.47383636285451,20.24639284118148,20.689407191000694
799,20.497564537580622,20.260145143020985,20.71713035051213
686,20.372658479560926,20.210241410338764,20.577473094162432
802,20.476763811978426,20.132612921974875,20.65335377779874
786,20.424072563648224,20.165801346302032,20.596412897109985
761,20.538917702364635,20.106973464230457,20.68216254912227
805,20.399188634511585,20.225869152996992,20.51514872989139
995,20.472948297096863,20.268391351630218,20.674941390100187
748,20.335241957555844,20.172357522988623,20.48200527625748
750,20.320211896424965,20.123944365932914,20.471097199182548
746,20.425644605986925,20.22621930180764,20.57243597069565
747,20.390595921930277,20.18781903104962,20.582017412725484
791,20.431726349724663,20.153085231781006,20.598182731204563
790,20.292126435499924,20.149106062375584,20.524274826049805
722,20.367315816879273,20.15918335914612,20.532932233810424
772,20.303043789333767,20.14101389567057,20.5526978386773
718,20.265380718089915,20.143070892051416,20.451352154767072
796,20.310206926785984,20.183972065265362,20.641220312852127
719,20.334706159738396,20.21848961023184,20.487367703364445
714,20.34701741260031,20.205775882886805,20.50559267790421
724,20.399131638663157,20.198164372217086,20.53183847381955
704,20.327042458274146,20.182829810633805,20.49741043322014
236,20.316095533825102,20.118445024036227,20.50103688921247
705,20.33760402513587,20.197533255038053,20.555570851201598
844,20.365790088971455,20.194808959960938,20.505923589070637
837,20.417079295142223,20.22633788545253,20.594103247432386
1275,20.381299239767472,20.184962159496244,20.53754148106117
694,20.311670996926047,20.212323102084074,20.48873910036954
1262,20.349101786027873,20.169358102898848,20.58176839281941
663,20.397794636813078,20.212809042497113,20.519911939447578
1254,20.30846467714631,20.1443686860331,20.524763128730687
44,20.195107820298936,20.09990207248264,20.48159033033583
1457,20.369825592041014,20.238129119873047,20.543624114990234
664,20.375609466007777,20.259274005889893,20.520663738250732
701,20.352224548657734,20.22591777642568,20.615800817807514
679,20.19629639845628,20.11954270876371,20.348508247962364
703,20.324321443384346,20.181301203641024,20.49077385122126
26,20.379650853343847,20.180510461944895,20.554505869285347
24,20.39508736827386,20.185305721545344,20.55834458366273
1429,20.28328274326296,20.116761975937003,20.492060026958562
499,20.34655721564042,20.2244166825947,20.648325568751286
1038,20.46596295683534,20.183336244596468,20.724970670846794
35,20.128354820045264,20.025563523576068,20.39884763150602
62,20.316995534029875,20.10628965551203,20.532308647849344
65,20.31264939027674,20.06796371235567,20.52008320303524
89,20.280749445376188,20.079458817191746,20.544575815615445
478,20.31844779472489,20.15131093792967,20.493470904629152
572,20.34424364566803,20.0595321059227,20.49868142604828
287,20.31317228741116,20.132163595270228,20.48693805270725
1062,20.391295208650476,20.18134330300724,20.56902027130127
737,20.332604717235174,20.19596842843659,20.579739884454376
51,20.49139515946551,20.236443263728443,20.615760849743353
85,20.289132218334558,20.154301132286452,20.59198639801194
736,20.327085191609807,20.193719281988628,20.544080838697052
732,20.315403637133148,20.17731892435174,20.521811133936833
104,20.383137409503643,20.213432165292595,20.58386333172138
105,20.49629999243695,20.282445658808168,20.659218414970066
1096,20.26260551573738,20.174367783561586,20.582215627034504
1423,20.307178719208974,20.159847372829326,20.538034439086914
111,20.406289888464887,20.200840245122496,20.615474203358527
1101,20.22636660407571,20.158262869890997,20.52496842777028
304,20.343232688903807,20.171022367477416,20.63337003707886
331,20.449890593687694,20.240307192007702,20.698971192042034
302,20.241641998291016,20.156842729319695,20.58779998447584
828,20.188466971570794,20.10197831283916,20.29701188477603
422,20.27990678213175,20.128255640418786,20.40542378471893
1468,20.381735570924274,20.224369658904823,20.59651083987934
1396,20.32292572420035,20.23938507820243,20.433319661154677
1206,20.36389961461911,20.23248722909511,20.444523460563573
1395,20.385921199826427,20.298859993036647,20.460657203284494
511,20.193850449153356,20.064725739615305,20.42315408161708
825,20.25753490042774,20.110001539572693,20.481515199710163
391,20.108007859647945,20.035083106394563,20.322838858272252
398,20.107771158218384,20.0320396900177,20.346128702163696
1121,20.124239999917005,20.008614224009744,20.36905236284726
1313,20.087331307900918,19.964994327442067,20.29896715525034
1311,20.113790662665117,19.95383644104004,20.258541709498356
1308,20.026531372070313,19.950739974975587,20.086092910766602
1306,20.103069797638923,19.9945615337741,20.227141534128496
1149,20.02922811827252,19.953608027178117,20.277435713984268
895,20.053665602834602,19.953654329400315,20.24757083089728
611,20.041285284634295,19.954406869822535,20.321623308905238
947,20.32457529265305,20.19279124818999,20.520129894388134
644,20.440155978408157,20.232630788994747,20.63363866486618
637,20.467824518680573,20.26993028819561,20.59469883143902
177,20.429940274331422,20.282944738337424,20.588261300483637
171,20.257997040354876,20.135493357247167,20.45851598967106
985,20.518693138571347,20.22293685464298,20.67181968688965
650,20.336950998457652,20.224260087997195,20.50754192897252
888,20.390893497686278,20.21289734456731,20.55876405211701
165,20.39693354062385,20.178366416411873,20.556916261842737
168,20.324138091889438,20.118196607425514,20.525202871158424
154,20.4725834274292,20.231967595418293,20.622222086588543
1478,20.44268915869973,20.21973844008012,20.640151327306572
994,20.432382506708944,20.26638857010872,20.584987071252637
787,20.436599615848426,20.197532307017934,20.558422435413707
1032,20.391966883815936,20.114850321812416,20.611573447042435
240,20.318469142054653,20.072649637858074,20.502338684356964
725,20.365651259055504,20.16435225193317,20.54128127831679
842,20.371890371496026,20.19822679866444,20.524992205879904
591,20.369463183663107,20.09340392149888,20.524388319486146
237,20.25590657773225,20.10931628683339,20.496311436528746
839,20.20072131290614,20.10272341576692,20.446801693640023
843,20.229954332918734,20.10323441995157,20.442711288864547
29,20.38756799216222,20.19853475358751,20.526745449412953
702,20.415965884339574,20.2518539054721,20.61784381492465
680,20.323379135131837,20.1486873626709,20.4025732421875
1445,20.237605205396328,20.08659388379353,20.502460375064757
683,20.28208080927531,20.141597906748455,20.45618136723836
1271,20.27232042277394,20.106271190190377,20.48443847595859
37,20.386894598239806,20.153048585100873,20.548395715108732
49,20.320688180520502,20.077560881493795,20.571861549162527
1060,20.258239269256592,20.030690383911132,20.495471954345703
60,20.299101728074096,20.076247560217027,20.52112193817788
61,20.211250063399195,20.06351543480242,20.45811765966281
1454,20.309058198474702,20.160527565365747,20.53041781470889
58,20.30700263977051,20.062130165100097,20.493821970621745
57,20.331761169433594,20.109337997436523,20.560824155807495
299,20.3246088588939,20.154719427520153,20.53936767578125
101,20.41514552081073,20.172561504222728,20.559852600097656
98,20.423718192360617,20.168499599803578,20.589248310435902
70,20.294135915821997,20.176037821276434,20.602535182032092
1419,20.381744695513436,20.177279665229026,20.54375587420517
1418,20.246982668075095,20.159368983075662,20.41085353219436
1416,20.326407572428387,20.182290573120117,20.540952059427898
71,20.334897994995117,20.184932708740234,20.559933826841156
835,20.437659024623244,20.238476573425146,20.6268090314114
483,20.345922127748146,20.1758177341559,20.545391522921047
1109,20.283653502768658,20.184100252516725,20.494203080522254
707,20.4117707181568,20.212889222074146,20.656238106656666
1107,20.339774079756303,20.18779536160556,20.51726067282937
1100,20.24660934592193,20.166607658818084,20.36229068828079
1078,20.470876693725586,20.22652204831441,20.625556866327923
1402,20.371437708536785,20.198421640913615,20.65296198231305
872,20.279892115303166,20.100737724514957,20.533574562705024
826,20.180094132729625,20.080967824393458,20.331662589256915
383,20.32844685145787,20.06996401832217,20.56601998465402
346,20.36133441925049,20.1309871673584,20.573972702026367
378,20.239502827326458,20.076623582839964,20.55688033103943
78,20.354437145618125,20.117161374573314,20.505886252866972
486,20.24163922955913,20.105661884430916,20.362802751602665
897,20.263929471864806,20.10126891502967,20.567839119460558
1339,20.277733435997597,20.134017357459435,20.41040956057035
1316,20.147206013019268,20.03091386648325,20.310228934654823
431,20.111269378662108,19.97224566141764,20.378572463989258
435,20.204228583802568,20.006848734321323,20.444227597392196
1140,20.131841320788997,20.038099738161538,20.2710691547762
1143,20.120905850384688,20.04840330175451,20.22725161990604
636,20.33060430293709,20.13859067027925,20.56910245558795
632,20.472539080106294,20.234221678513748,20.615224427443284
175,20.460965991020203,20.265499796186173,20.583349636622838
179,20.47357419884723,20.280512685361117,20.60392321711001
856,20.426767778026964,20.241984167764354,20.642499982848648
858,20.3106137358624,20.183860405631687,20.583298724630605
886,20.43592289515904,20.23848234952151,20.61920550629333
1477,20.358862621769024,20.167022844788374,20.50335426087592
887,20.382201952208217,20.176045586542827,20.51619550916884
210,20.282333178397938,20.1334289648594,20.543241794292744
142,20.37136662006378,20.183125625957143,20.530328447168525
1287,20.33722043920446,20.18609139780519,20.542087817318226
1014,20.487872665211306,20.29897413415424,20.688891426991606
1022,20.54310585859883,20.21189723262897,20.81025063509197
208,20.285519415872137,20.070960396214534,20.457401677181846
785,20.458061141967775,20.16166442871094,20.658215255737304
788,20.451057612895966,20.1981440782547,20.577197015285492
759,20.440736879621234,20.154890251159667,20.550171497889927
760,20.38492195422833,20.110383547269382,20.589547915336414
762,20.3660347366333,20.111424140930175,20.540447769165038
753,20.399649981386172,20.166196017531874,20.52694358588746
804,20.371974664575912,20.12160665848676,20.488872920765598
751,20.351114528013927,20.16513418443132,20.531689398359543
764,20.40469086006896,20.111536626946435,20.536343430819578
752,20.289093909725064,20.111030347885624,20.478682579532748
765,20.425756851832073,20.179276174969143,20.54207392975136
729,20.38420564919528,20.202604725016112,20.54673616755033
745,20.29396390914917,20.105049209594725,20.520970764160158
754,20.34579450715848,20.12387607543449,20.515283445032633
882,20.411102079807367,20.207305014282838,20.549332625883864
773,20.37501791494864,20.172864737334073,20.557794528537325
743,20.40887865447998,20.2246591796875,20.5564299621582
744,20.339228713905417,20.175696575597964,20.527923014574434
792,20.168158721923827,20.05326543535505,20.44982784816197
756,20.328801117133146,20.14731867870881,20.492728195380217
1479,20.437518817036093,20.21189357853737,20.593283869639166
821,20.44104258219401,20.229379563104537,20.584046908787318
793,20.35418101054866,20.210175770085034,20.579397248058783
794,20.339301790509904,20.209991727556503,20.583784988948278
723,20.339595139026642,20.15531188249588,20.464289039373398
819,20.306385245689977,20.20253269488995,20.603361569918118
817,20.35745643402313,20.16890096330976,20.5464858608646
795,20.444153149922688,20.227277119954426,20.623520692189533
797,20.277719728874438,20.124605872414328,20.47290882919774
716,20.352784833041106,20.211224920099433,20.49813988425515
816,20.388586807250977,20.197829717000324,20.542668024698894
696,20.376929792639327,20.180967748981633,20.52397478182022
713,20.332792672243986,20.202835126356646,20.519814187830146
892,20.375688805565098,20.159886435379367,20.52096558820562
730,20.381989186421198,20.19434722321989,20.54093359523732
731,20.359901467753197,20.18661098282572,20.524009408110782
771,20.308070223259204,20.153325005733606,20.50679898117528
252,20.349547557341747,20.174488752316204,20.502947269341885
841,20.20390020098005,20.086061586652484,20.49991852896554
1034,20.4796816795103,20.249374771118163,20.608504387640185
1265,20.617223834991456,20.372776126861574,20.82979393005371
836,20.328111676202305,20.15064181452212,20.654123582701754
1244,20.40271704013531,20.121796167813816,20.557273644667404
33,20.444706483320758,20.243676193489517,20.602950687250814
32,20.281097132688874,20.118822863147518,20.56979308158729
231,20.253213907877605,20.11663609822591,20.43494689941406
1250,20.308942132590744,20.150806179839417,20.525043324328283
30,20.280586501591884,20.10557197122013,20.46503235312069
699,20.2767926577864,20.171460447640253,20.586861314444707
688,20.414318773481583,20.22645976808336,20.554365634918213
689,20.418888568878174,20.20150195227729,20.50027518802219
28,20.262192251647047,20.12607389365511,20.522122622710732
690,20.328843891620636,20.201529383659363,20.498171627521515
693,20.382934118572035,20.241706195630524,20.56618534891229
687,20.304997416904996,20.197278431483678,20.549156188964844
692,20.440824835641042,20.27319826398577,20.564127840314594
91,20.29554675022761,20.132322430610657,20.484853227933247
1426,20.345788385763587,20.16277976624994,20.472377746703614
742,20.330179704683964,20.128766514430538,20.48749262373024
25,20.36137220021841,20.178579371684307,20.530345308458482
42,20.224058076447132,20.082323149138805,20.512943679211187
677,20.304012298583984,20.127059534192085,20.46525925397873
23,20.46511603907535,20.2184311314633,20.584079019646897
40,20.260877796247893,20.113584855023554,20.48108658136106
22,20.40213452931997,20.18811904288627,20.55538827019769
41,20.393325433498475,20.199740107466535,20.562098340290348
1274,20.39879251973013,20.198087285073957,20.620471144258307
38,20.324019491672516,20.14559918642044,20.564717650413513
498,20.36213053189791,20.2082464267046,20.607448088817108
39,20.34411260356074,20.171269582665484,20.524889945983887
19,20.34794620611729,20.12497479365422,20.570506149683244
678,20.360522540110463,20.174670111458255,20.50985007016164
1040,20.261919693719772,20.076766204833984,20.476522917974563
36,20.249204284266423,20.041071189077275,20.5250566884091
34,20.257668249947685,20.05622351510184,20.4619446345738
48,20.275136485980575,20.057413963755224,20.492469568920743
1046,20.57725276369037,20.30379410946008,20.75837314490116
1044,20.254122660710262,20.051550718454216,20.53315412081205
1050,20.352181883419263,20.20312516829547,20.72661085689769
480,20.35542364854079,20.188568966205303,20.550234985351562
46,20.340662114760455,20.138525738435632,20.546215954948874
1052,20.29802611566359,20.17500785089308,20.44933586735879
84,20.308833174543654,20.159257266291128,20.552713598345964
56,20.24446855742356,20.09925838996624,20.51548924939386
55,20.31483560449937,20.070399284362793,20.573526494643268
50,20.215268066951207,20.07364055088588,20.509893689836776
59,20.39545670677634,20.13976416868322,20.57845115661621
54,20.07414633433024,19.97461001078288,20.386664708455402
53,20.30129583676656,20.11621618270874,20.49002957344055
735,20.310267123226005,20.171557583571392,20.575653185789612
676,20.268680211660023,20.14739263379896,20.555692724279456
79,20.374304592609406,20.226264894008636,20.564989268779755
500,20.48830076853434,20.233644994099937,20.6307835261027
504,20.355638170242308,20.238770604133606,20.570730519294738
99,20.405945142110188,20.236373504002888,20.672648191452026
533,20.26645803451538,20.155119487217494,20.51455589021955
67,20.2606883801912,20.13366036666067,20.44081620166176
106,20.53364354088193,20.31520870753697,20.69223304021926
807,20.422103503964983,20.22795635799192,20.60352321840682
481,20.494538497924804,20.219236850738525,20.65709505081177
830,20.308684131077356,20.18235357375372,20.618536522274926
76,20.286395893540494,20.14163256800452,20.53512320407601
75,20.276019686744327,20.16089680081322,20.55502214885893
73,20.304710388183594,20.18520961088293,20.568243082831888
72,20.311863545009068,20.17587672642299,20.56282855442592
1105,20.319264900393602,20.18359147048578,20.500225253221465
1108,20.38967514038086,20.205839641058624,20.585453773612407
110,20.47602710723877,20.26068353652954,20.619027614593506
1481,20.370158810260868,20.18780762696069,20.59293022628658
332,20.43664566675822,20.164087295532227,20.647518793741863
376,20.364905046862226,20.1823563686637,20.66238004107808
1403,20.273408229534443,20.163111774738017,20.450788541940543
375,20.289468002319335,20.16699414253235,20.546917057037355
330,20.408418547939245,20.21703462197747,20.631262886692102
406,20.2985904330299,20.139870870681037,20.54519730522519
824,20.24137581974627,20.084780428783002,20.42560708379171
505,20.23459150276932,20.10613222683177,20.494611328723384
443,20.136991223981305,20.011369059162757,20.40376598604264
506,20.293377737565475,20.11195227883079,20.539633265408604
1466,20.206733949722782,20.092452664529123,20.392128429105206
407,20.308502661663553,20.10044182487156,20.581132756108822
1115,20.394737495566314,20.134863475583636,20.5388455660838
510,20.089132404327394,20.01154851913452,20.286363887786866
444,20.316577059966964,20.13436433977617,20.506527926856442
1116,20.221805056403664,20.11779271294089,20.51341990302591
485,20.21995931352888,20.058143615722656,20.374957602364677
357,20.42187605233028,20.131535694516938,20.64341479334338
16,20.28625551859538,20.127052397955033,20.406399984208363
358,20.336681612076298,20.0653628072431,20.59224731691422
1340,20.349611083666485,20.150437553723652,20.44863998889923
393,20.13019155419391,20.04499099565589,20.431293985118035
810,20.33958845623469,20.119830740373686,20.511919316149925
81,20.28353222211202,20.091088891029358,20.5243395169576
450,20.122973712874046,20.019396982075257,20.427048718487775
1122,20.129525051322034,20.03162641422723,20.32112374869726
1315,20.098819952744705,20.017591036283054,20.167612149165226
1309,20.030138892096442,19.96709529773609,20.13785712783401
1307,20.077479462874564,19.971948774237383,20.271008792676422
916,20.08132851260832,19.962829195219896,20.333418078806208
1144,20.105130932147688,20.011137272761417,20.226814545851486
1145,20.11674459574455,20.014358052277824,20.238289512882165
863,20.24479661776325,20.063177153820128,20.58108660179799
52,20.208278703689576,20.050618410110474,20.418968963623048
749,20.434958148103224,20.230712299105488,20.58853450807338
798,20.3567950963974,20.173374462127686,20.507930648326873
259,20.294551878264457,20.013705475161775,20.498104345918907
815,20.345215606689454,20.16138610839844,20.5521608205942
726,20.350347493955603,20.175628542275952,20.50260842907491
1455,20.328329863915076,20.17245817918044,20.507884986584003
11,20.268972240510536,20.149054136432586,20.45851851291344
709,20.336115920630686,20.16877098269126,20.540915691069443
674,20.33518471173792,20.124643172193693,20.500991184439435
1420,20.339554808605676,20.183313545139356,20.6239821773836
340,20.375292048734778,20.25532767351936,20.576292935539694
507,20.233618375417347,20.056768340033454,20.3436556893426
784,20.388846740722656,20.18144561767578,20.58109176635742
697,20.251981820633162,20.13658264501771,20.406254042440384
1049,20.385427643271054,20.175258187686694,20.697896733003503
827,20.131377971533574,20.063173438563492,20.30322098009514
209,20.187535257050484,20.098534150557086,20.416054812344637
801,20.44482888115777,20.126127243041992,20.626738371672452
1480,20.35190090099415,20.18364028663902,20.524051146073774
721,20.40917037254156,20.2299892514251,20.537078413852427
818,20.368686314286858,20.18742271949505,20.501938765076385
715,20.303874566004826,20.176678914290207,20.47184005150428
13,20.384299877078035,20.243189567743347,20.511793003525845
14,20.345911026000977,20.13563362757365,20.58426570892334
671,20.264687619890484,20.11853610788073,20.43625102724348
670,20.254323340851126,20.1271236678929,20.453250696126698
727,20.276263575400076,20.149185580592,20.42579549358737
695,20.26941890101279,20.174901593116022,20.42024261720719
700,20.347447324682165,20.21710127371329,20.59820676732946
665,20.433021817888534,20.251478586878097,20.554366282054357
672,20.29880074531801,20.14126297735399,20.431963889829575
666,20.448089063167572,20.246466875076294,20.58542650938034
738,20.369161763548544,20.148606081033552,20.520341262028815
1048,20.47709475336848,20.23990435213656,20.851261860615498
64,20.251360737193714,20.06043465354226,20.442025860873137
1440,20.26448923412122,20.102021980285645,20.448280023273668
669,20.269534428914387,20.188661575317383,20.5858637491862
823,20.24676625233776,20.08527413854059,20.383879085756696
1310,20.05161244528634,19.97437517983573,20.155000686645508
733,20.29738982609967,20.139933071421808,20.520866912034084
1106,20.219048690795898,20.169852701822915,20.378741137186687
1412,20.4224585747534,20.244758206744528,20.692756445832956
192,20.42581311210257,20.228914636080383,20.599488305263833
789,20.40551145453202,20.1448660733407,20.531113206294545
803,20.462125978971784,20.158014498258893,20.62054443359375
885,20.395388928716056,20.172916360957895,20.545213488047708
720,20.339731684270895,20.171001434326172,20.509652767541272
1431,20.317886849862557,20.164695318716543,20.508879083704066
838,20.35570292606532,20.17448605332419,20.511342806236765
728,20.362616900739997,20.168640334030677,20.536295792152142
708,20.301359450874884,20.155231466586063,20.47077467368377
1458,20.349653770183696,20.204662586080616,20.551676256903285
31,20.39287593239232,20.20008077119526,20.56813456886693
698,20.35816441812823,20.17692384412212,20.51398221908077
1460,20.271564197540282,20.184787559509278,20.532233810424806
1427,20.355447739707916,20.179949160248157,20.51772757202502
1459,20.36205261632016,20.191458802474173,20.54778686322664
673,20.381112437094412,20.208145141601562,20.510950211555727
1428,20.314230152204924,20.139316169888364,20.463809144263173
20,20.39401834151324,20.17062434829584,20.532842387672233
668,20.352959407098364,20.18057120026964,20.550666213035583
47,20.10078841618129,20.010607891991025,20.35173393431164
706,20.25604322740248,20.092622463519756,20.523084827236364
45,20.318422807091697,20.09793179557923,20.51135069291222
77,20.37161455154419,20.173391103744507,20.577965354919435
1117,20.267289491800163,20.125318894019493,20.52853188147912
1467,20.17916277036145,20.04193149395843,20.373229116942753
1314,20.06330955729765,19.9786132924697,20.17703146093032
822,20.375672458617156,20.136317481679363,20.53021413629705
893,20.34896172732669,20.15153201362014,20.5237901893247
1490,20.304276047465958,20.1861429303606,20.543476247341832
711,20.288956208281466,20.115483055533943,20.5151367858216
66,20.25218183022958,20.06664067727548,20.511934916178387
1456,20.351054934354927,20.203305528714107,20.4976438834117
667,20.303609226665774,20.135647268310745,20.499022148416728
1430,20.355155239534533,20.149542020448152,20.50459898553094
