"polygon_id","total_volume","total_length"
193,38.429170867398,12
195,222.641351379577,66.5
1008,136.797654347112,51
1009,111.436668902338,74
1011,395.250191467239,157.5
774,78.7081311018412,19.5
777,83.1569800264969,43
776,47.6896262570816,16
775,23.6782818934399,10.5
712,1543.79565113032,488
734,424.048367470932,96.5
770,67.5347775584663,54
1065,779.767648829114,235
881,830.241365684933,203
1444,830.078089345283,226.5
1487,277.281907453104,100.5
470,51.8227348606787,20
1452,40.7324899570206,21.5
1329,1194.44204940445,380
1330,26.2897717889176,17
427,92.5676762989556,29
509,420.819784671566,120
361,3.55215003245559,3
362,171.420278211249,114
950,467.594101708175,146
946,31.7443427842688,16.5
626,62.4045252970602,39.5
630,118.706385819755,59
631,45.6922569709395,20.5
949,155.473226978688,86.5
628,119.435940826478,56.5
645,55.0012538860202,21
622,162.975706675713,76
657,65.8016544508052,28.5
621,241.841398924811,87
640,52.2636265114104,42.5
643,122.639421335132,64
639,64.4567449952553,46
934,70.9927329790538,47
961,105.383835788744,54.5
658,41.4243819139027,27
659,154.540147838734,92
963,249.537458391862,109
174,168.663272249406,87
969,128.331188326936,126
970,276.170772162708,152.5
855,41.2404936835863,28.5
853,41.1576639121869,20.5
854,23.8300422449835,19.5
976,306.574706710995,141
849,152.110218257259,75.5
845,283.53473795798,138.5
981,67.1952747417069,40.5
172,499.382050481531,84.5
201,108.72385144473,45.5
156,67.1661286846134,29
161,54.5923706864647,39
987,86.0062513995096,43
989,372.519960532683,183
1005,115.177022348302,89.5
164,27.7616826857611,18
1000,169.613862498505,60
993,23.5029490674883,12.5
1506,98.8322168259296,51.5
655,74.9691834034522,45.5
1508,182.514676815172,91
1510,130.90134222599,71.5
1511,99.8908342102507,50
1015,88.483981409342,47.5
1563,183.072409736169,73.5
223,55.5395465993568,23.5
217,31.2474476174841,17
222,34.9869407288044,22
216,33.2116613976195,20
246,23.868064168732,17.5
245,25.8395866885052,17
243,22.3894446884872,15
717,90.9604945643549,25.5
739,307.923708512743,127.5
15,152.560403304014,32
768,780.541732274851,196.5
276,23.990246513545,10.5
1248,223.635559577787,81
1263,231.207961851277,86
275,21.6961151698396,9
1252,276.102597515476,121
592,10.2980167209557,9.5
122,58.0481097723119,19.5
565,21.7875875344694,15.5
564,28.5619677080979,19.5
294,40.4640737775424,29.5
587,15.3175281738585,15
562,15.5416811393178,16
561,9.68940372470473,13
560,7.58303052316844,11
282,27.9028147604835,18
559,8.65729442102895,11.5
283,21.6061665331426,16.5
548,18.5327393173116,14.5
543,47.5698587415934,39.5
545,101.577760127621,47
1058,755.028591585689,223.5
1059,213.457969137535,65.5
1462,67.8438475019075,42
1449,168.649241178323,101
1461,72.4301180145576,31.5
325,193.337350039784,108.5
389,42.0733884367773,22
388,17.0694894327322,12
93,25.8640997812826,20.5
1094,159.001685602492,98.5
1070,26.5731829700857,18
491,51.9848546077433,34
1084,58.2490561163853,38
1067,60.9482345585426,34
459,92.4203477949582,54.5
460,351.710334070717,120.5
1068,64.1742032868802,45.5
130,284.88601284202,133.5
120,123.638377355687,62.5
455,359.230281016089,121.5
464,198.101309364796,84
463,129.763794893353,75.5
806,248.693408506331,113
558,19.7697820138237,10
138,116.027852352338,39.5
536,97.8149863514078,39.5
494,89.2857006534008,32.5
1328,1006.97862498127,288.5
534,36.0310716907651,29.5
921,375.420822448406,194
1451,480.684607571704,149
922,585.953560391187,269.5
582,63.553041038653,24.5
6,612.302347399258,161.5
516,327.21286073161,85
1410,204.315831051301,58.5
1413,394.400107351322,102.5
439,132.114961857325,64.5
1181,21.3173220751967,12.5
1409,330.483835771184,84.5
1180,27.5023317657212,11
1137,75.1782145906139,48.5
1407,329.58444838761,67.5
1408,171.253534490343,60
305,65.8542986331744,50.5
1081,69.9533600155336,28
1406,353.35657863653,67
1405,680.517645772665,90
1331,37.6171852179811,21
540,57.7122629815868,37
1135,102.557537269037,50.5
541,37.5759446676917,29.5
1075,1062.43775525537,392.5
539,73.9279612499517,50
1469,10.3118099319127,10.5
1355,211.257767000904,48
1360,105.699438085402,36.5
508,36.9330655360607,14
579,34.9415608255759,30
1201,138.289998032822,66.5
475,51.0728821235456,20
1389,279.584905007695,106.5
831,57.7030208100554,39
1133,21.2453163868434,15.5
1132,27.9222646312338,17.5
580,16.4346689865168,9
1375,165.547279305526,96.5
344,3.95240413696574,3.5
1530,82.8520909339428,31
1374,136.407860101946,76
1383,115.706743447798,54
1534,76.0120093858313,45.5
488,149.484029876992,73.5
1535,54.8335145474669,30.5
396,56.4547854318622,27.5
372,273.402110166112,69.5
373,171.948827049073,66.5
394,66.105770820332,30
1557,642.541517677872,283
1520,825.497281167458,335.5
1527,1395.85951132001,364
1346,11.7363109000165,10
1558,214.893690290867,107
1546,1315.18549925958,443.5
1568,981.267981564682,314
363,68.4689699649935,55.5
918,233.442465666817,102
1123,54.307537085388,35
418,238.136732531457,92.5
1525,151.854820573049,62.5
1518,49.0973740888559,26
1605,240.359862217975,113.5
448,77.1761288315645,40
1177,139.319696236699,70
1188,158.863950576381,57.5
576,28.2329772527177,14.5
1183,155.493241309563,62
447,106.147047576408,52.5
1581,234.116786604045,85
1579,298.709759787513,142.5
1582,316.408112593166,116
1573,89.0112762927802,41.5
1587,35.5671045242001,22
1590,33.6650120400789,22
1165,140.599354533723,57.5
1600,72.0393587500086,33
1595,199.745598123315,74.5
1167,141.816284852702,60
1168,14.5295528546912,12
615,40.5826149152619,22
866,61.2487131717285,27.5
607,239.019719363118,82.5
948,324.400644363795,104.5
933,207.270227623181,122.5
606,151.225804273469,51
603,67.7278156081555,25
953,725.492979542578,237.5
605,75.8087764647588,28.5
954,434.236658785055,185
940,401.114071916235,152.5
602,139.48765396474,63
945,35.6457001314945,14.5
944,36.331271868253,15
943,43.1178047088199,15.5
627,25.6935105146389,15
625,70.1018955236526,29.5
931,286.754311223064,91
956,590.63660828017,231.5
955,435.222795399477,176.5
629,110.595681177035,57.5
616,79.1236692650542,31.5
624,137.441294126916,60.5
1493,200.846751714662,67
618,55.3898907888425,18.5
646,66.8034140635905,29.5
619,37.1060946171114,14.5
623,168.125550366059,73
1494,61.7192897912474,26.5
617,26.4704896204362,11.5
194,170.478802690518,52
958,152.255024615101,48
932,378.409537758645,176
952,408.414790706857,122
939,112.039526940307,41.5
1442,160.799683352177,57
937,490.540205627571,186.5
959,81.1048711931517,36.5
1443,390.71514578715,79
936,465.984197767105,161.5
641,93.3297386883915,37.5
1432,156.23229925828,62.5
935,66.0788110047742,28.5
1433,92.6875747910589,23
634,66.3838625568104,36
635,175.070324981017,76.5
660,496.236840122373,111.5
633,106.097427475127,51
1379,338.760909457102,102.5
964,318.858866993446,141
966,188.740747869207,71
662,72.0068836401512,34.5
661,91.631291815411,43
851,78.7226330117416,38
967,455.334016098195,143.5
968,308.995052091435,126
971,65.1226640726507,22.5
178,284.361908307533,111
852,28.0600957343717,17.5
972,314.488039288581,126.5
847,277.333438716693,111.5
181,60.3045615564402,25.5
199,27.6551640657302,14
200,47.2013044859467,20
974,295.166125155953,153.5
182,124.038761973272,39
191,119.012605138371,53
978,344.311868011139,144
185,60.9215675315882,25.5
1497,311.054728137114,118
979,332.076919526329,133.5
160,83.8651167247442,40
162,279.895402120056,64.5
157,67.268817027417,27.5
1499,342.449246414814,115.5
848,175.743587278169,87.5
857,100.57429795825,30
980,246.352384462488,109
850,212.682531899868,104
1500,237.714300233254,94
213,58.1232358440815,22
159,40.9837701236858,16.5
986,685.370380216763,230.5
903,36.5211866121073,16
163,363.666048709386,105.5
158,70.4587919685748,33
214,45.1415091228019,17.5
1301,88.8311154418066,26.5
211,50.0436158264036,24
1298,90.3637827695931,29.5
188,36.9044875773915,16.5
212,60.7634125129242,22.5
186,61.9873723947063,18.5
811,594.9823792248,211
1425,294.491475086302,66.5
1300,82.7112674088343,24.5
904,53.142869766503,20.5
1293,55.4572446247369,22.5
190,49.9864069852174,17.5
1292,35.1153510371,17
990,159.232196094248,56
1434,132.419598172582,38
1003,748.085152690323,154.5
812,526.238276424404,190.5
1297,92.9176346527557,28.5
1296,88.2554420695674,29.5
1299,72.3385557097123,26.5
653,64.6798661029434,29
859,139.925274274601,51
991,36.2555460447076,17
1435,242.428294172532,76.5
1291,154.618439524688,50
1290,239.740596997492,66
1504,58.3247440115548,25
206,165.321039631906,46
166,468.187068369206,129
205,37.9163772522071,13.5
992,30.3846588230248,12
682,277.970067257772,99
1289,150.35057385047,51.5
656,104.336782441534,29
1513,40.5870102386566,20.5
654,70.0009811379326,33.5
125,226.578544638667,93.5
146,110.180461980477,41.5
1288,139.448691071216,49
780,333.360531011768,140.5
996,92.5430636396222,33
1004,537.009835741384,165.5
997,102.721512893612,32
1001,138.001940366612,57
147,91.4985096667262,34.5
1286,203.846600589624,58
1018,669.536751872497,212
782,169.128527519771,79
1010,38.7827775145628,18.5
202,162.239839846931,58.5
1284,205.398683806406,59
1507,153.612006264934,67.5
884,534.150439168844,181.5
781,12.4586721925655,6
800,54.5119817989359,15.5
778,328.106873973255,74.5
783,26.5420225056263,10
1512,209.390796400876,96.5
758,72.6829073546533,30
1285,184.389137582168,59
1509,170.919461517562,75
1016,182.641608948589,86
684,120.813628852297,50.5
230,148.107297017156,53.5
1025,262.075271630605,81
1026,622.227711959369,183
648,173.603208938785,54.5
1029,324.150282104261,149
763,135.054061001493,62
1514,169.365348232752,54.5
229,64.9330394634596,26.5
226,74.0474812838549,21
1007,40.5551606254459,10.5
169,413.794324528259,125.5
225,72.7375257830504,21.5
228,68.3619689998028,26
766,482.453491943274,126.5
1019,434.880215770385,205
224,97.1462450737914,28.5
883,888.89733746701,273
767,349.832118942145,107
1561,151.244887058691,50
1562,156.2153676507,72
220,56.6326026351138,24.5
757,240.634181916145,78.5
1006,373.757046393615,77
221,49.3336323988676,26.5
820,262.671476106193,98
1030,93.9222794500916,46
900,441.391811949236,149
1023,414.190096867691,133.5
215,38.9689547331678,20.5
899,455.088159489086,116
1031,141.869561806743,69
589,154.494564923101,65.5
1036,373.218269655513,127
241,70.1886558043632,26.5
740,347.532267704607,120.5
256,32.6935803193029,14.5
255,56.1264961833554,24.5
1037,165.199629119856,49
253,50.6471316450156,16.5
254,53.3339136851825,23.5
1269,105.761274613147,31
1267,105.493941268543,30.5
1266,91.2030578576313,30.5
1035,481.873480736928,136
1071,274.382663551598,72.5
1258,1136.58185993605,276.5
840,58.2868111310271,16.5
1246,57.1811445943017,24.5
1238,56.6018104829846,21
12,107.767318687055,25
250,117.048632670527,43.5
235,161.433891068206,48.5
234,206.613108339017,45.5
1256,1072.92295801336,255.5
1243,56.8023042303515,21
249,144.032882059857,51
1245,47.1796871467382,23.5
1260,773.754305961217,222.5
233,147.495527769461,41.5
1239,110.015377653306,47
1242,25.4557722706304,14
248,50.0242667500318,23
232,139.028654480379,39
247,28.6670820213697,10.5
1240,210.873107360803,87.5
1237,256.568536604405,90
1542,297.596178668525,82
278,42.2761623186308,18.5
1247,314.174231520272,96
277,35.019612221314,14.5
1543,212.826984143344,46
262,131.87486828795,36.5
261,188.078317838917,49
1253,452.71061523685,182
1441,911.604116694766,261
769,89.2321657531009,53.5
260,213.242001962142,58.5
1264,189.582352808174,64
1317,146.611865431904,64
1318,173.087464870197,69
901,273.441940466287,69
274,147.952172414139,45
1270,505.333649058807,151
27,358.895293388101,92.5
691,32.8137167142553,17.5
1282,649.895701440736,216.5
271,158.889821584954,55
273,103.737680612639,40.5
593,42.9336783392412,17
595,121.732752160097,43
681,25.7136117743662,10.5
1223,468.347147106638,143
43,40.8202538595793,16.5
1268,508.860781394888,162.5
1224,596.302701543765,203.5
710,1.23931983357062,2
1320,293.802767500538,99
878,476.509799574178,205.5
1319,329.926457152276,97
1446,647.639641980976,161
1249,202.849089546886,92
685,21.7804375293037,12.5
268,39.9409449306513,19.5
1261,371.759028466241,140.5
1225,635.970239093011,222
1436,21.3055534056659,11.5
568,24.8916351217711,14.5
477,124.973561588309,63
270,179.454890257164,59.5
567,33.8972512019345,14
1273,388.308080604538,138.5
563,15.6164131467586,18
263,134.688783857711,50
586,25.3866249251979,13.5
1326,562.161124413256,146
566,35.9514039491059,17
269,248.249618639808,69.5
1283,196.846353603687,95.5
1325,306.422501833239,96.5
266,75.2391644097389,25.5
594,286.826323763464,92
265,43.9425150429487,20.5
267,103.593127668965,28
1074,140.300836158811,46.5
289,129.054913117776,53.5
890,836.848277205555,277.5
1055,232.859459807052,60.5
1085,188.837835742949,67.5
123,59.7413517601935,22
1221,350.19818925992,126.5
290,127.526538196882,52
1053,236.576117715131,67.5
291,72.467071160183,27
549,151.417270142424,89.5
387,54.1318364856443,25.5
1272,694.134987411491,181
1218,446.973665704455,118
284,39.5757057873058,20.5
550,33.4205872805417,15
546,66.4076563518607,48.5
279,77.8836624312606,20
1281,399.021392080401,112
288,120.161647284032,49
1251,424.368971693789,184.5
18,231.008896311682,98
465,174.013444101089,88.5
1039,383.112535476913,101
293,66.0508240755594,33.5
310,70.4021182646201,22
386,13.4538503148709,6
1222,379.925979922999,105.5
1215,1002.4438979468,380
292,58.7257572337649,29
573,79.1111668796684,42
281,52.6795730267835,25
1054,167.530128680004,41.5
1217,324.41646702139,122.5
1041,242.036863151283,64
1327,117.708720674601,35
88,93.2512545216722,26
1279,307.843875860265,86.5
1216,339.465353527677,104
1324,326.359419605353,77
1226,71.4290268668006,26
1061,25.5599088414369,9
1278,323.296801572866,107.5
1042,134.712490447199,52.5
1047,50.9298893680439,14
518,31.9377221011382,10.5
1228,445.995477999854,201.5
307,37.9307612932528,12.5
1450,208.862893216558,100.5
1303,880.778786631533,282.5
1322,959.546474010478,261
1280,193.08864746743,73.5
1321,202.761425755792,74
1045,48.8915548034502,17.5
1043,205.738171871033,72
570,25.1740079856102,14
1276,287.452630399684,104
1231,530.00421859978,184.5
324,135.519231182979,44.5
466,550.677675890646,201.5
520,34.0268030758129,11.5
1056,296.294932219543,121.5
1212,218.122568943709,78.5
121,33.4028240238101,13
521,30.1657203363693,11
876,635.99341918736,211
1213,388.529495375571,162.5
5,538.699881961734,230
1051,117.760858457506,38
1232,410.107587694649,160.5
1088,143.397541281665,44.5
522,28.2665505693625,10.5
1219,435.007249475235,150
1234,113.033767505149,34.5
523,20.48836920245,10
1057,78.1491422898771,24
524,35.4658947397775,11.5
1323,270.226517167224,76.5
1235,319.053954676138,102.5
1089,136.514429522191,53.5
1453,609.860544215773,134
585,495.049982236167,134.5
879,421.204354332478,196
342,367.573833862322,110
95,173.755149199482,103.5
1086,146.804746249715,58
880,777.994046265874,216
1090,149.33456858578,53
1220,169.084465537718,73.5
326,66.5082678555492,27.5
1422,20.1435068080039,14.5
1236,335.835364747087,99.5
1097,825.738788441064,277
295,85.0261156761189,29
9,52.3638607240758,19
467,368.32619974224,118
530,20.7239708511746,11.5
529,10.2065791705079,8
1229,293.609005271062,134
501,25.110313800519,18
1421,42.2782444037687,21
4,460.318453160465,182.5
94,50.7245727869157,27
1378,266.586108428995,84.5
1066,170.671425445539,64.5
489,49.6960289807203,29
894,62.1260609507746,29.5
1438,19.9121093131608,12.5
502,26.1082679302447,9.5
1439,15.0552548828223,8
96,247.397032278047,103.5
1093,209.678627622439,85
528,13.928238795431,9.5
102,19.6252059369401,9
103,23.0379074325509,10.5
129,335.317023911963,138
496,438.062599838432,160.5
359,48.7473549360562,22
301,210.837813016892,59.5
100,21.8384497019746,9
527,88.6120681830271,24
360,385.375641842748,87.5
68,31.9241837883812,16
323,30.3919703605085,13
551,87.2289868607225,28.5
1210,170.219320383792,38
1102,133.271108675386,48.5
557,63.6107214944311,52.5
322,17.9179407702452,8.5
69,20.2312831404305,15
1083,109.372394964217,60
891,640.058690929419,182.5
321,12.4443186251017,5.5
456,304.570616702948,108
532,113.227503506507,31
133,83.7760590711822,29
1424,657.909618764119,196.5
531,142.238423341685,58
320,50.1596954399693,16.5
468,386.368459439851,140
458,466.301729553887,147.5
484,78.914753114754,30
312,45.8714819500365,15
923,20.0528536385061,9
315,61.0076741408824,20.5
1482,52.8644929680442,17
462,111.63956275183,77.5
132,58.8114464277787,20.5
131,76.8390922897957,24.5
316,46.5045137207488,17.5
925,24.2697290933674,11.5
1095,84.9535984769125,28.5
926,32.4158196947875,12.5
317,78.7129273666516,27.5
927,34.6741878261524,13
114,102.960637095076,28.5
314,416.884444212754,128
1076,82.1878147561622,41
515,70.4228777625222,50.5
135,353.249879262545,70
112,98.8770632320471,30.5
74,40.0102989246521,21
2,108.12223972762,54.5
1336,652.716589668939,186
538,138.441014630602,37
482,42.8386393473014,24
552,68.1249245499313,27.5
537,93.3539824094354,35
1304,557.132313228909,191
137,140.51705010052,44
1417,186.910696764058,66
493,28.5644752096525,12.5
1104,59.0590152232603,18
461,78.1865858326984,21.5
535,113.762616854126,36.5
1415,143.5740350596,41
3,582.758256901172,214
1488,43.5330049188563,19
136,36.2009856984263,13
554,85.8468880843541,34
556,68.7422167009301,28.5
1470,477.18579790869,127.5
440,381.608391355942,135.5
873,253.669428509809,107.5
1099,772.113110269733,273.5
1182,18.1766459658799,10
8,308.996011920519,128.5
109,16.279013690108,6.5
583,82.5563150290301,28
306,133.437217130104,56.5
117,103.107913991893,36.5
341,13.2347002202126,5.5
128,132.612672556515,34.5
119,120.137899381967,47.5
584,81.2840331432856,26.5
1080,27.2217548747338,13.5
513,51.4060881858524,32.5
127,136.533413432669,33.5
1079,31.1123411264032,13.5
1136,61.5351667041977,30.5
339,20.7890911984472,11.5
338,9.360725160674,8.5
512,68.5156988284823,36.5
1077,22.0917022977687,10
337,20.1139551478384,8.5
542,69.3114737924121,38.5
303,79.5389937342273,25.5
118,283.126320467029,107
336,15.6904129283349,9.5
1208,262.214227856298,83.5
1471,7.76516228598637,10.5
116,182.405871929363,65.5
1211,467.822837217399,175.5
492,18.4305330048185,11.5
377,157.677323755823,36.5
1179,209.553922900151,87
335,21.5021049174566,13.5
1364,66.4437804227298,24
514,66.9586813841113,39.5
1207,1003.89966485907,247
1333,302.586673466637,91.5
333,29.7788050290013,14
334,77.0947663750899,34.5
1362,31.2583019881662,11.5
1401,273.000399178266,56.5
115,408.224792808821,142
452,106.961531473531,45
1400,148.277376673993,49
328,99.8401702157717,32.5
930,452.694207625612,63
1134,166.930126338091,70
1476,75.1914318825932,25.5
1359,87.0080910963084,35.5
1354,128.653064288963,39.5
453,135.710992924386,49.5
7,781.911497112534,264
329,117.335449659692,54.5
1205,161.966993241357,77.5
1356,141.231273837664,46
1484,54.3550463284124,22.5
327,59.8860198502439,27.5
1357,137.972270260876,44.5
834,248.393951448582,82.5
424,99.5236996960176,39
355,63.2398480346565,22.5
423,139.65984201934,48.5
1110,454.608630595103,238
833,195.473892261766,79
1475,510.066721420019,181
829,364.297204541641,99
1202,155.306915944999,59
442,327.057209413458,105.5
426,85.6366653489146,28
353,34.46512031515,14
1367,172.820797869168,66.5
1371,278.345436290092,99
1370,280.304529580324,73.5
1204,167.094972388726,62.5
1366,80.9845207250296,36.5
1129,92.8871478476604,50.5
1111,367.049501801529,144.5
1372,521.295986341788,173
371,30.0139086837395,14
1112,302.457860835377,148.5
1393,201.633989413269,55
384,176.248834251451,48
1373,613.513788891218,239.5
349,13.2574949438673,7
382,99.43858531681,27.5
575,239.507564799423,84.5
366,68.7247132476595,33.5
348,15.6687735338651,7
370,24.8684270099831,13
381,114.991952126788,32.5
379,223.760413318976,54
919,375.199273689682,133
152,176.309641474784,61
1392,156.250093618582,57
1351,194.848273474261,55.5
1353,68.0548244261295,21.5
1369,229.497644910553,71
380,106.45285208745,34
148,399.326172336874,121.5
1119,74.8370533398344,32.5
1130,28.7624029878795,17
1376,157.868077490291,74
1173,142.608108487368,50.5
1172,113.314081254413,53.5
1472,494.598225969743,134
832,97.5179591112773,51.5
1352,144.653648949433,45.5
1391,76.2915153219061,27
1465,548.222667714242,227.5
1174,191.562622717489,65
445,355.117148398009,100.5
1394,154.751010709086,65
1198,45.0564293953895,18
1113,413.815945745679,132
1118,162.399672050405,69
356,22.7981968797524,12
1186,259.040362671365,79
1531,70.7470439522416,28
1385,115.107703583118,50
1386,97.4661400554789,50.5
1377,371.096807661568,121
1382,376.163047503993,167
1532,110.290739007051,45.5
1349,688.10484178604,215.5
374,256.609224340485,64.5
1120,77.1851546973047,31
1126,119.166165070655,33.5
1387,171.374049340451,82.5
1533,59.840836868515,20.5
1350,163.334160165263,52
1540,116.989421500836,54
405,214.448214883442,77
1539,112.819482735678,44.5
404,25.690198591144,13
1197,114.613990844619,44
403,33.8602006557126,16
1338,347.677170890367,133.5
1547,1176.04500153575,417.5
1347,80.2201035654894,31
1381,935.340810964169,234.5
1559,377.836378220858,156
1345,21.1854905262278,12.5
401,65.6488364837733,20
395,75.4220948234041,35
446,142.329349457579,50.5
474,108.583775768064,47.5
1565,509.153529421911,194
1348,282.964407975131,109.5
1344,22.2755798078003,13.5
1190,231.405820934591,78.5
1544,1018.16965166008,338
1516,1023.54889396899,325
1196,261.179161443981,97
392,168.72831697387,49.5
1341,89.6948829070649,28.5
1342,40.2428669939348,20.5
364,89.2815617081267,39
1343,69.3774481276812,27.5
581,48.2401277233055,22.5
369,482.242394757241,145.5
368,435.5671774374,145.5
1584,65.4828926881447,33
390,296.42698360199,83.5
1583,61.1614937429548,26
397,54.415646200523,18
1335,565.085004091642,209.5
808,109.581163933355,60.5
1125,144.571274988642,41.5
421,344.270602312608,102.5
107,249.42187907072,101.5
420,384.99338002479,103.5
419,306.457646072943,98
1139,227.849008144387,119
1515,388.98398481338,147
80,32.336601180096,14
82,397.253230793286,139.5
108,132.005625968627,47.5
416,124.090041674577,44
1576,74.2350118402063,18.5
1175,256.011751240016,100
1138,468.437815758066,233.5
415,112.866753096237,42
1517,338.022624140847,134.5
1555,198.550390529949,75
1566,553.094880835284,197
917,202.443239426137,127
1519,39.2029318964793,22
412,63.9474054600038,19
1184,62.1344778206105,21.5
1521,598.347616591199,221
1312,60.8839636477572,18.5
1334,864.977098074475,263.5
1185,226.426103936602,76.5
1571,350.436040812967,120.5
1536,110.352852499026,38.5
1522,74.358545588333,38
1526,84.888649547562,32.5
437,256.757010654693,73
1523,181.198398298096,47.5
449,239.825147513597,76
1195,532.223179454857,143
432,18.434337387537,6.5
1194,407.673279761676,148
1580,341.423992505071,144
1537,389.384102219453,108
1604,410.552216701274,152.5
920,587.038242730703,229.5
436,262.087317233526,83.5
428,31.0552724677057,14
429,72.6151423280648,42.5
1152,105.332103536819,39.5
434,184.612285913374,59.5
433,97.0894978914632,37
1574,94.9194444803904,52.5
910,677.604798643161,195
1147,186.757690282386,52
1154,423.124664604364,103.5
1524,321.929981737835,107.5
1151,134.35226051506,59
1598,116.816467755343,60.5
898,114.007310039353,59.5
1538,61.4663075220809,17.5
1599,200.159198942378,78
1591,134.683483661095,44.5
608,45.6851413649101,16.5
1592,129.506594368724,48
600,66.1376200314976,28
1594,18.7261280504866,8.5
1593,11.752103911292,6
601,52.2864901709078,21.5
1588,37.1062784072791,19.5
609,34.9809764933727,11.5
1153,454.5134754982,143
1589,38.5613557716462,20.5
1146,205.596523709086,93.5
1601,70.1399083244566,30
1602,281.510243985056,97
1597,123.694044400393,58.5
1148,188.147285870441,57
610,33.699856684375,11
1596,128.011374813645,44
911,286.881544501367,80
1163,91.0499220602766,32
612,36.4375204770453,14
1176,364.016311334949,72
614,32.5141996599691,22.5
909,666.194220007787,252
1160,53.98095730349,29
1159,67.2048582272584,33
1191,198.352663817155,68
905,742.715701357882,214
912,462.81803639789,189.5
915,224.19963839453,84
862,123.915551724823,45
1157,45.6813408513426,17.5
1166,381.846956360734,171.5
1158,42.7432881373047,15
1156,51.3199154945284,19
1548,585.832667162774,139.5
1155,39.1583531985232,16.5
1550,258.779914820143,65
1551,241.812355813,58.5
1553,39.2339291954023,15.5
865,198.237248121118,61.5
864,177.062659913357,54
1142,51.4576880872108,20.5
913,354.443244654231,179.5
942,229.167671518748,98.5
604,135.924968741373,58
951,448.973178547021,112.5
938,271.436347219947,120
941,128.035488173233,67.5
1495,63.5603922510488,28
647,98.649614773353,32.5
620,264.597068936493,96.5
957,599.224394117941,260.5
642,157.595648458846,71.5
196,168.446406782799,63
960,228.623616646359,82.5
962,152.120884542786,75.5
638,101.49957970759,49.5
1380,288.372629069507,107.5
173,187.986911249652,75
965,121.540162627091,56
176,28.7050406698517,17
197,114.337574690804,50
170,128.937550499167,48
198,85.4342100342965,33.5
975,273.539566185705,119.5
180,145.728806320761,42
846,287.583960185052,138.5
184,136.382139772882,56
977,404.345068856968,180.5
155,141.155672649038,41.5
183,75.3033394037097,27.5
982,26.0623278733487,12
983,37.3438967010085,14.5
1498,138.73307987482,68
984,35.6886045634064,15.5
988,517.02511062121,186
207,410.009616487937,97
1501,190.800630102803,94.5
649,50.9379485282984,25.5
1302,105.714928760816,29.5
1502,314.642806513308,101.5
187,46.4248893636756,19.5
1295,77.9910331964362,25.5
1294,73.7263498217618,24.5
652,69.739901684178,28.5
1503,613.731341392516,175
189,30.3085917026051,12.5
10,668.229207820654,193
126,703.456680641506,207.5
998,298.309561624741,83.5
860,103.50671714978,40
999,268.382215194079,94
167,473.041615277893,119
204,42.3101421472277,16
889,195.075027367625,51
1505,62.940217426285,30
141,51.2766509650213,35
143,89.8087888483768,31.5
144,92.2365944196702,39.5
651,51.2485964534534,26.5
145,98.8267623980863,42.5
1012,126.316308411179,49.5
1013,137.067701544085,52.5
1017,298.064505457026,154
203,208.319406976446,59.5
779,503.015218377727,112
813,79.7470661174473,33.5
1560,236.297389114663,93.5
1024,434.288007923846,170.5
1027,555.821870408418,220.5
227,42.105999264284,16
755,655.963575666742,186.5
1020,199.367999498401,85
741,1217.53096054178,325
1021,183.652485195016,86.5
218,71.9925616109517,28
1564,182.16825256594,75.5
1028,271.316242344787,86.5
1033,270.852340086197,89
814,177.912370033463,91
219,67.3670800083549,25
244,46.1148499388086,24
588,175.837746009578,80.5
258,312.355775626558,124
242,108.102089056242,41
257,138.842402991251,61
590,73.3810794269569,26.5
239,129.822812874165,52.5
238,184.657104098532,48.5
1072,157.130714464448,40
1073,550.813392407342,75.5
251,86.8533204107739,31
1257,1028.87036621266,268
1485,270.781578415495,116.5
1255,657.834684007299,232
1259,785.861243988121,238
1241,19.5643232061859,12.5
1486,306.295489105558,134
272,145.02516198668,51
877,864.854946032653,255
497,514.782442437861,105
90,440.444781311598,142.5
83,123.242599186865,54
92,48.3872032611738,16
569,58.1616874799268,28.5
874,553.883918475615,215.5
902,147.709423401979,50
1447,625.360138752953,161
21,425.291161170483,102.5
479,362.00687656419,140
264,62.7608456019884,24
495,712.837299121289,180
875,615.836611177848,199
87,202.450285818171,68.5
1230,512.281871549978,175.5
1063,194.007500393792,65.5
547,108.078038575135,52
544,105.749545091213,43.5
280,45.7450268527053,20
1448,244.221495800272,76
1064,165.30399033707,91
596,42.836538197629,17
309,46.5170465309975,17.5
597,145.092705764274,34.5
285,71.277310551342,34
1227,19.0916921252776,10
124,79.1700019406453,46.5
308,39.2673506023117,14.5
286,340.778265644923,116
63,48.7794770255682,17
519,25.8559481654908,10
1214,163.552947945635,73
929,865.86988607996,260
571,39.6455566787249,17.5
1233,507.923749719979,173.5
1277,132.073597533661,71
574,29.8145699940966,17.5
1092,232.217670130058,101
86,329.532082627078,94.5
1091,277.425659493804,108.5
675,201.04692713538,75
1305,389.035489038794,120.5
1087,114.042148786956,42
296,130.980613315592,39
1103,595.176120716256,235
476,407.616512693414,122.5
297,144.815653674145,43.5
525,76.0970795997599,31
298,155.212494536284,43
1069,98.7421111216719,35
503,28.5734182802246,10
300,161.823685883593,51
526,80.8567050203611,25.5
490,43.1214417391419,27
97,199.797971911716,58
313,58.7305400827179,21
311,26.9541840904917,10
469,308.109409462673,141
318,34.3040324891954,13.5
438,250.200685201566,93.5
924,27.3093725233953,10.5
319,24.97115378649,9.5
457,321.180845033341,116
113,104.354971128828,30
1,242.335037671934,104.5
928,26.4981201350303,11
553,92.7620092177648,29.5
555,92.2873630972,32
1337,647.590600984343,239.5
1474,478.571546655157,180.5
1463,473.520581045985,162
441,475.8339400663,183
1411,289.909743815171,61
1414,267.13525240809,94.5
140,20.8314475982838,9.5
871,445.604450576798,221
139,17.4401676523589,9.5
1437,19.1845821582025,9
1098,205.086001593881,66
1332,30.6490604845868,14.5
1404,450.601182444221,74
150,337.487705662747,97
1363,46.9401364853566,17.5
517,78.7733028135729,37
1361,100.815531324992,37
134,96.0237632360334,39.5
1483,68.8470559540275,24
1358,131.548021754574,41.5
1082,312.3715723123,89.5
425,92.9111031032377,34.5
354,53.5497227044679,21.5
809,415.487161857707,159.5
1397,103.522870134734,43
408,216.198672076219,57.5
153,193.333587461747,62
1473,1186.61303554739,374.5
352,40.7167565859571,14.5
1464,392.889538746967,117
454,1221.75036986621,373
1398,158.614350825452,57
1209,94.0899644165718,62
1399,123.184195956918,38.5
351,28.020605009971,11.5
1203,154.659635273193,56
350,23.8157191260873,10.5
1365,154.832625643993,67
1390,352.756348312203,114
385,137.821284857521,49.5
1368,299.892817261265,73
1114,87.3349136859591,21
347,11.1087514110817,5.5
487,212.445677378289,62
1200,146.574264981909,45.5
1388,144.323034942684,47.5
1131,27.8979493354605,17.5
367,148.89421597781,72
151,253.377536819837,99
149,381.663208460824,130.5
345,9.98579537248055,4.5
471,502.8173852295,236.5
869,260.504780428341,121.5
1529,73.4965497689427,24.5
1128,137.634414629931,47.5
870,352.479543896816,125
1199,132.375760915615,34.5
1384,76.8443299513482,34
409,31.930228598128,11.5
473,104.023641286769,56
17,190.459458250534,109
365,205.403755871069,99.5
1541,107.091788382081,48.5
1127,75.7471616298737,25.5
402,39.8244009948035,16.5
1171,71.5993084983368,27
1496,570.075058791864,185.5
868,265.85896089725,120
1528,1841.15906206785,497
400,47.3781935210504,16.5
1170,306.056695619886,118
399,73.546015402543,20
1567,582.000034071023,195.5
451,390.096183157828,142.5
1585,54.4683820794301,31
1569,1950.87895054284,551.5
472,46.8892087894045,30
1586,80.654932494702,35
417,177.813978911729,70.5
1570,1039.24818526671,349.5
1189,322.714346675632,92
1578,766.192492057202,290.5
1575,83.1550405856562,20.5
896,4.32351718447496,4.5
1577,670.894484406251,286.5
414,67.7870977172789,26.5
1572,642.115275723014,225
1603,335.048362022774,138.5
1124,135.571982463196,58
413,92.9435348322226,32
411,42.5902503883418,15
410,31.1565385113124,10
867,600.207134107859,289
1556,41.064641486012,17
1178,161.057841969384,80
599,434.355157006357,157.5
1187,291.36925621632,137
577,90.8087297580133,33.5
1545,1373.32023450934,280
578,483.737254691286,224
430,216.850084814336,67.5
1150,273.763540166022,114
906,217.364941735023,82
907,546.390254198556,152
613,400.24088004015,160.5
914,457.426789825652,160.5
1554,497.977258710675,106.5
1164,503.202373419879,157
1162,84.7645739091705,35
1161,82.9869931676435,33.5
1169,115.927154075796,35.5
908,366.664521248448,140.5
1193,147.074936767141,70.5
861,300.666562118931,130
1192,141.102040873913,54
598,125.996047659115,39
1549,667.918158203246,151
1552,190.634530357802,58.5
1141,54.0736781271329,23
973,107.206863944364,38.5
1002,135.913231239912,60
799,92.78076236786,21
686,193.700463066094,51
802,42.4250279215182,10.5
786,50.1993760387232,15.5
761,136.309919037548,41
805,45.9414655964304,18
995,234.823060064886,68
748,340.400671907741,78.5
750,425.980858901499,131
746,474.749652506899,122
747,188.404730609206,52.5
791,54.8301447847993,17.5
790,73.7585065403375,25.5
722,70.4280821286791,19.5
772,291.763823450264,112
718,121.664591193374,26.5
796,32.6745788169418,12.5
719,96.9939598816716,25.5
714,82.8542851752866,22.5
724,213.701507984439,83.5
704,582.336889916519,164.5
236,193.199065443091,52
705,249.579371456051,91.5
844,98.3289022200858,23.5
837,180.238206771944,58.5
1275,554.755470887717,176.5
694,20.2651184937317,10.5
1262,243.341578547463,85
663,23.7749548776241,10.5
1254,470.067054916781,177.5
44,538.132350323289,112
1457,25.1863807843749,12
664,22.8459389767526,13.5
701,85.3134918490437,23.5
679,25.1829420079027,12.5
703,77.6754270817036,21.5
26,363.862450351186,96.5
24,368.001264441753,94
1429,1131.57404821288,334
499,53.4811736030744,18.5
1038,452.163039244091,142.5
35,47.3196418790275,18
62,156.855638560877,54.5
65,50.324749964045,16.5
89,31.9352748962101,11
478,442.73790030214,138
572,34.456435866705,15.5
287,152.634091490563,53.5
1062,57.5732828686968,16.5
737,1251.53572030633,391.5
51,89.1107588604862,20
85,272.739716101559,90
736,1069.39480084618,383
732,31.8956060894985,18.5
104,28.2379265776601,12.5
105,30.4215947719662,11
1096,96.6354607548035,31
1423,779.620962188169,201.5
111,33.1325334793723,11
1101,129.870582939326,33.5
304,284.445973290781,99.5
331,118.763774593322,47.5
302,75.1615583981767,22.5
828,274.802856171906,87.5
422,141.113243200972,51
1468,1845.63920333883,514
1396,436.89857988108,66.5
1206,235.101262106303,86.5
1395,330.422970303256,68
511,43.4882351241038,13.5
825,341.434482273432,136
391,168.649401672196,44
398,57.3517241338308,19.5
1121,422.788439258861,176
1313,64.9763929244232,18
1311,70.5617539697504,18.5
1308,53.8146053521134,12
1306,65.2858579681179,15
1149,504.944803581241,134
895,564.640620059883,96.5
611,44.9449186221898,14
947,36.9786726238599,14
644,296.606152644955,104
637,242.711385904081,63.5
177,354.538853638995,112.5
171,116.186965013229,54
985,16.5245604089079,8
650,77.6347981548004,31
888,226.426806939236,86.5
165,355.72911720531,95
168,604.491294699943,150.5
154,344.252613760868,74.5
1478,96.7219234270203,21.5
994,233.028941557691,61.5
787,39.8305421256077,16
1032,543.591133631633,133.5
240,138.366763774107,55
725,200.591665892034,51.5
842,76.1910220117262,21.5
591,450.961027589841,153.5
237,229.522887600593,57
839,189.80483122121,53
843,83.1575042260337,18
29,336.84376142712,98.5
702,80.2658603884094,25
680,20.512817503059,12
1445,686.914987557911,163.5
683,18.9748517742337,11.5
1271,747.837733018186,189
37,53.2820490444969,20
49,253.834997916231,70.5
1060,22.6375189825357,9.5
60,88.8612318412699,23
61,149.790383914234,35
1454,230.061014955876,52
58,46.5146016826777,14.5
57,93.1867899603772,19.5
299,153.299818407848,50.5
101,31.2169500890919,13
98,29.5150305544774,10.5
70,32.5707420502131,14
1419,357.136925008883,88.5
1418,377.760999028081,81
1416,226.181784006914,74.5
71,35.6526566187268,14
835,413.424075482032,209
483,41.9217555249443,19
1109,107.68293191187,46.5
707,562.586207079458,120.5
1107,81.6861099920933,27
1100,85.284075368071,26
1078,30.3253188655256,11.5
1402,313.52035836962,64
872,356.007200179901,90
826,205.847757651003,54
383,178.495523546199,52
346,11.2473453860499,4.5
378,203.386962084011,59.5
78,253.561572263319,108.5
486,46.3814940768618,15
897,354.736186009066,90.5
1339,70.9115003557682,25.5
1316,34.4645593790112,12.5
431,17.9076447446188,7
435,156.953638583518,70
1140,385.999966375434,129
1143,48.7553489252486,18
636,375.930200665383,110
632,130.624192217691,32
175,150.855529367321,55.5
179,192.463371276845,57
856,175.902598834964,64
858,177.646881563667,45.5
886,972.336427206798,181.5
1477,490.897249768791,156.5
887,385.231482932545,121
210,85.2538238177518,19
142,268.283114504172,87.5
1287,346.747578357826,94
1014,723.018934342437,117.5
1022,796.17856717772,172.5
208,59.7977308187733,28
785,44.3713046023751,12
788,37.3222175617469,15.5
759,87.8277678152838,34.5
760,99.4403773832062,38.5
762,137.044935044212,49.5
753,244.413083018611,80
804,43.8069890825819,16.5
751,419.39314617377,100.5
764,193.823208878381,72.5
752,147.916495560934,61.5
765,425.394237958362,107.5
729,736.140114448024,245
745,150.336170245713,49.5
754,202.613287045873,61
882,702.083118571829,199
773,803.951915743958,269.5
743,354.635813922178,124.5
744,804.371741376364,272.5
792,39.8721250124467,17
756,652.823273818085,200.5
1479,181.62487511955,59
821,39.1754437496777,20.5
793,22.8891243523209,20
794,28.5578420346454,13.5
723,109.409656729418,31.5
819,45.4445013201173,32
817,233.614943327055,71
795,51.4658706636082,17.5
797,43.3173895686648,16
716,85.7626158215231,27
816,143.920064254784,37
696,581.358373973972,182
713,77.8842589102276,21.5
892,595.013541273529,158
730,789.633761403811,138
731,833.156309170221,192.5
771,208.589940403528,82
252,123.437985773774,38.5
841,69.1301834941668,17
1034,320.422860729902,77
1265,104.357611289677,29.5
836,228.00706926815,68.5
1244,56.9992125609933,25.5
33,199.085658681785,60
32,386.70911029454,78
231,119.153396090758,37
1250,480.40048917686,204
30,414.190622868098,110
699,98.8222447528261,28.5
688,38.8213767308388,17.5
689,41.0879353631378,17.5
28,429.757642049672,101
690,24.8150151087393,15.5
693,37.8075379437869,18.5
687,47.0694608834542,17
692,39.0548342168532,17
91,120.361598727976,47.5
1426,312.27722081077,125
742,216.255836180033,106.5
25,321.448448330568,92
42,65.4813740129096,25
677,133.944634911402,63.5
23,394.232266408178,94.5
40,100.120862523266,25
22,327.208255983359,92
41,56.2489099064572,20
1274,854.175651381444,222
38,42.1192029821226,15.5
498,65.921062578199,19
39,59.6387449588177,22.5
19,292.562385529052,97
678,139.836978237811,52.5
1040,220.100327778909,52
36,44.5771513888445,18.5
34,46.5108286802214,17
48,318.243058425706,78
1046,50.4529181068619,16
1044,45.237806483885,12.5
1050,64.2211135497129,16.5
480,451.469720304392,129.5
46,103.101378819043,33.5
1052,57.9385609794268,30.5
84,568.384937059856,191
56,88.884101697228,28.5
55,53.6348023908257,16.5
50,41.743412637679,13.5
59,43.8691096274055,16.5
54,50.244765359131,14.5
53,92.8419179739824,23.5
735,419.954715411197,130
676,50.9656485614486,18
79,50.0949866233843,15.5
500,54.7829644375195,14.5
504,119.681643027506,39.5
99,29.3034298965477,11.5
533,313.074756519992,69.5
67,151.965438955417,37.5
106,23.5416601907567,10
807,113.585367197174,52.5
481,88.096407992857,29.5
830,322.835470348424,104.5
76,69.6450873932423,21
75,56.8605865953085,20.5
73,50.5166148800701,16.5
72,50.7894463946677,17
1105,83.6095622481255,20
1108,94.5962824022817,33
110,25.3519769572056,9.5
1481,305.433483774546,120.5
332,38.0550922533996,17.5
376,174.61684627693,42.5
1403,319.721327869415,64.5
375,59.1815256786799,19.5
330,164.51612823985,70.5
406,61.5102664413256,20.5
824,148.25439262473,41
505,131.202218330179,50.5
443,105.773606527223,30.5
506,178.020644983268,54.5
1466,297.326991060102,123.5
407,239.011281005244,57
1115,71.8876134397103,26
510,21.296646236338,9.5
444,653.755315264858,200
1116,108.207278753129,42
485,52.1740698638039,17
357,40.801317070474,14
16,292.814782880441,62.5
358,44.0427583017295,15
1340,59.9165903816751,23.5
393,181.900699642214,45.5
810,690.578561655851,265
81,71.4145512314362,23.5
450,137.405306201267,40
1122,215.752146846631,92.5
1315,36.6970148122283,12.5
1309,84.6287292597125,18
1307,100.588590209663,18.5
916,345.284316470834,86.5
1144,587.152077102026,162
1145,331.347389467619,138
863,210.258575462267,63
52,73.1551515126252,19.5
749,761.610044153134,236.5
798,339.368911032594,79.5
259,276.811971588573,137
815,129.123518728893,32
726,655.684415149351,190.5
1455,612.28261263712,129.5
11,141.867074818406,30
709,1446.53716612631,410.5
674,815.453900166018,297.5
1420,372.526930726312,86.5
340,16.9654039405167,8
507,173.700638545478,36.5
784,57.2244307339996,12
697,142.371419598367,33
1049,60.9092302845445,16.5
827,102.727533352622,32.5
209,100.347600641034,16
801,48.7197925993463,13
1480,350.246756298929,71
721,84.8820503713441,21
818,374.640651082233,86.5
715,101.409599202134,25.5
13,78.2996886969438,21
14,95.7895289865407,23.5
671,746.345905625125,279.5
670,669.462452382017,257
727,84.746361235788,30.5
695,34.3358708316496,15
700,89.8709006814298,26.5
665,141.243299328225,55.5
672,37.7669997298068,15
666,40.7978626683913,15.5
738,644.959007446607,193
1048,88.3887479675324,18
64,105.869517479866,27
1440,234.294120946617,94.5
669,2.61920456693063,2.5
823,184.06300242819,52.5
1310,91.9331960170565,20.5
733,1529.24421822725,434
1106,60.7921414296706,14.5
1412,251.461445405742,64
192,450.97517174667,60.5
789,77.2567129854351,28
803,31.1793384988769,9
885,541.638785997676,166.5
720,83.9702442786785,26
1431,1695.36471195957,337
838,170.067812206471,53
728,100.083509506543,28.5
708,1208.03829322602,309
1458,26.7362909667048,14
31,178.349797397146,47
698,117.22007736392,30.5
1460,21.4179000447332,9.5
1427,866.600921214207,258.5
1459,51.2263242624892,18.5
673,41.3909174848833,15
1428,339.410839566565,127
20,476.313451553767,118.5
668,1088.8354787775,527.5
47,425.78827803888,104.5
706,204.605824769722,71
45,298.442025639336,93
77,57.7815475950947,19.5
1117,120.215455554736,25.5
1467,321.257459686696,100
1314,57.5319967111564,16.5
822,356.106392842628,120.5
893,1349.36431682879,134
1490,206.14174069013,53
711,736.418895900636,227
66,133.535066099629,26.5
1456,294.219768294491,103.5
667,990.84816657205,308
1430,467.103113493389,155
